Fechas;Central_Metropolitana;Resto_Central;Norte_Metropolitana;Resto_Norte;Sur;Oriental;Occidental;IPC
1991-01-01;26.4462;26.4462;21.9138;21.9138;23.2527;24.7575;21.8697;24.09
1991-02-01;27.3404;27.3404;22.5873;22.5873;23.8678;25.9431;22.3899;24.88
1991-03-01;27.565;27.565;23.0163;23.0163;24.3163;26.2869;22.6128;25.21
1991-04-01;28.2526;28.2526;23.8508;23.8508;25.415;27.5534;24.3143;26.04
1991-05-01;28.5116;28.5116;24.1748;24.1748;26.0358;27.751;24.8537;26.34
1991-06-01;28.884;28.884;24.726;24.726;26.794;28.1344;25.0444;26.81
1991-07-01;29.398;29.398;25.071;25.071;27.2811;28.4298;25.4088;27.23
1991-08-01;29.7008;29.7008;25.4637;25.4637;27.5286;28.7552;25.6351;27.57
1991-09-01;29.6812;29.6812;25.2575;25.2575;27.6001;28.6303;25.51;27.46
1991-10-01;29.8995;29.8995;25.579;25.579;27.5458;29.2143;25.6023;27.73
1991-11-01;30.0348;30.0348;25.9176;25.9176;27.7081;29.4002;25.7062;27.96
1991-12-01;30.1404;30.1404;25.9583;25.9583;27.8154;29.3517;25.6631;28.03
1992-01-01;30.2734;30.2734;25.9055;25.9055;27.8304;29.4251;25.6672;28.07
1992-02-01;30.6435;30.6435;26.1913;26.1913;27.9427;29.7197;25.97;28.38
1992-03-01;30.6552;30.6552;26.3116;26.3116;27.9957;29.6249;26.2298;28.45
1992-04-01;30.9455;30.9455;26.5338;26.5338;28.6523;29.7425;27.7372;28.74
1992-05-01;31.145;31.145;26.535;26.535;29.07;29.9372;27.7146;28.85
1992-06-01;31.2537;31.2537;26.4981;26.4981;28.9134;29.8652;27.7461;28.87
1992-07-01;31.3969;31.3969;26.6445;26.6445;28.6501;29.5596;28.1686;28.98
1992-08-01;31.4814;31.4814;26.8005;26.8005;28.7446;29.5618;28.0831;29.09
1992-09-01;31.4336;31.4336;26.8584;26.8584;28.7503;29.7212;27.9949;29.1
1992-10-01;31.594;31.594;26.9882;26.9882;28.8654;30.0775;28.2027;29.25
1992-11-01;31.939;31.939;27.2823;27.2823;29.2917;30.4036;28.4044;29.58
1992-12-01;32.1002;32.1002;27.6827;27.6827;29.3883;30.757;28.7408;29.86
1993-01-01;32.3286;32.3286;27.754;27.754;29.8432;30.9627;28.6198;30.02
1993-02-01;32.6087;32.6087;27.9914;27.9914;29.987;31.8155;28.7257;30.3
1993-03-01;32.8043;32.8043;28.2008;28.2008;30.1579;32.188;29.0791;30.51
1993-04-01;33.3379;33.3379;28.7151;28.7151;32.1571;32.9622;29.5618;31.12
1993-05-01;33.6179;33.6179;29.036;29.036;32.1142;32.9637;29.7443;31.39
1993-06-01;34.0498;34.0498;29.4764;29.4764;33.0212;33.3766;30.7109;31.85
1993-07-01;34.6882;34.6882;30.71;30.71;33.9489;34.4476;31.9893;32.81
1993-08-01;35.3907;35.3907;30.8895;30.8895;33.765;34.2816;32.0467;33.17
1993-09-01;35.1615;35.1615;30.775;30.775;33.2694;34.0142;31.7965;32.98
1993-10-01;35.2929;35.2929;31.0773;31.0773;33.3373;34.5357;32.0201;33.21
1993-11-01;35.6426;35.6426;31.3949;31.3949;33.9295;34.5211;32.1431;33.53
1993-12-01;35.8992;35.8992;31.6425;31.6425;33.921;34.3947;32.1137;33.74
1994-01-01;36.4907;36.4907;32.0442;32.0442;34.0232;34.9141;32.1712;34.21
1994-02-01;37.4491;37.4491;33.1333;33.1333;34.8401;36.1416;33.429;35.24
1994-03-01;37.7377;37.7377;33.5018;33.5018;35.3672;36.8262;33.6573;35.6
1994-04-01;38.5443;38.5443;34.5477;34.5477;37.1275;38.0684;34.691;36.59
1994-05-01;39.9549;39.9549;36.0021;36.0021;38.4315;39.6618;36.2613;38.03
1994-06-01;40.7513;40.7513;36.8137;36.8137;39.3456;39.9167;37.0495;38.8
1994-07-01;41.6573;41.6573;38.0581;38.0581;40.1595;40.8254;37.9047;39.86
1994-08-01;42.7447;42.7447;38.6087;38.6087;41.3533;41.9053;38.859;40.71
1994-09-01;42.9481;42.9481;38.9327;38.9327;41.7904;41.9662;39.2548;40.97
1994-10-01;43.5396;43.5396;39.7335;39.7335;41.912;43.2459;40.0171;41.68
1994-11-01;44.7279;44.7279;41.0447;41.0447;43.4684;45.0222;41.4868;42.97
1994-12-01;45.202;45.202;41.6291;41.6291;43.414;45.759;42.4528;43.5
1995-01-01;46.4491;46.4491;42.806;42.806;44.9168;47.2318;44.0258;44.74
1995-02-01;49.3805;49.3805;44.4031;44.4031;46.2379;49.8419;45.4265;46.96
1995-03-01;50.0471;50.0471;45.0116;45.0116;47.1856;50.7726;45.8825;47.62
1995-04-01;50.5133;50.5133;46.9517;46.9517;47.5826;52.518;47.4118;48.84
1995-05-01;51.8918;51.8918;47.4915;47.4915;48.4195;52.4864;48.349;49.73
1995-06-01;52.3988;52.3988;48.0052;48.0052;48.77;52.4453;48.1747;50.19
1995-07-01;53.2938;53.2938;48.5762;48.5762;48.981;52.4908;49.3827;50.86
1995-08-01;53.9807;53.9807;49.3438;49.3438;49.2513;52.9683;49.088;51.54
1995-09-01;55.2731;55.2731;50.3362;50.3362;50.0389;53.3915;48.9315;52.59
1995-10-01;56.0539;56.0539;51.389;51.389;50.835;55.2037;50.6193;53.57
1995-11-01;56.6813;56.6813;52.1751;52.1751;51.1826;56.8382;51.333;54.32
1995-12-01;57.5552;57.5552;53.0159;53.0159;52.3764;57.1614;51.8621;55.15
1996-01-01;57.6397;57.6397;53.4736;53.4736;52.5316;57.5728;52.1711;55.43
1996-02-01;59.0706;59.0706;55.0312;55.0312;54.4843;60.0433;53.6635;57
1996-03-01;59.4954;59.4954;56.3851;56.3851;55.2639;60.6647;54.8899;57.89
1996-04-01;60.4843;60.4843;57.6289;57.6289;56.477;62.0943;58.7886;59.08
1996-05-01;61.6054;61.6054;58.7632;58.7632;59.2973;63.8896;59.0989;60.31
1996-06-01;63.1931;63.1931;60.1852;60.1852;60.9327;65.4849;61.2018;61.83
1996-07-01;64.3428;64.3428;61.6159;61.6159;62.8869;68.0037;63.8428;63.25
1996-08-01;66.8431;66.8431;62.8267;62.8267;63.7161;68.9697;66.246;65.01
1996-09-01;67.5652;67.5652;64.5619;64.5619;64.1618;68.8475;66.4629;66.12
1996-10-01;68.1729;68.1729;65.8634;65.8634;65.7425;70.1364;65.6305;67.09
1996-11-01;69.7471;69.7471;67.1022;67.1022;66.1371;71.235;66.8571;68.43
1996-12-01;70.5057;70.5057;67.939;67.939;66.014;71.0539;67.1384;69.12
1997-01-01;71.85912951788119;71.85912951788119;69.52867623750655;69.52867623750655;66.05313989447555;72.96328738367257;69.01575281680195;70.56
1997-02-01;73.84454186652498;73.84454186652498;70.91574147274831;70.91574147274831;68.30425205704029;75.11497944444918;71.24948575052122;72.3
1997-03-01;74.23555494950354;74.23555494950354;71.69091839579585;71.69091839579585;69.12641727187838;75.03026548116091;71.54557313403492;72.85
1997-04-01;74.65308150463524;74.65308150463524;72.05929643251335;72.05929643251335;69.39360093901247;75.24764803419822;74.40066436452437;73.28
1997-05-01;75.40946259484198;75.40946259484198;73.11833952675393;73.11833952675393;70.07148096529166;76.77679677787222;74.63405740480283;74.2
1997-06-01;76.52136204298782;76.52136204298782;73.75635732663196;73.75635732663196;71.50941891450645;78.42795507897381;76.19300751962966;75.15
1997-07-01;77.43622938839624;77.43622938839624;74.98548715422191;74.98548715422191;71.97434023966706;79.68935715824175;76.89460855992783;76.2
1997-08-01;78.64901146369309;78.64901146369309;75.64726655641995;75.64726655641995;73.01827633846649;80.51060952034501;78.4301516928293;77.15
1997-09-01;79.00593803201504;79.00593803201504;76.04506493225429;76.04506493225429;72.02723479496117;79.98008208116026;77.94262472933968;77.39
1997-10-01;79.05085211983777;79.05085211983777;75.74608121337575;75.74608121337575;71.1339355230034;79.14510740866656;77.83373851201871;77.19
1997-11-01;79.00021913318237;79.00021913318237;76.71520831662447;76.71520831662447;74.00003361790532;80.00478664745738;77.60498721844799;77.78
1997-12-01;78.70518341118782;78.70518341118782;76.98088250832897;76.98088250832897;75.74548956789906;81.32208436899558;78.56615692221158;77.94
1998-01-01;79.4125274865064;79.4125274865064;77.56373239840053;77.56373239840053;76.53829276117088;82.07072161428437;78.89142783546805;78.59
1998-02-01;81.37658197767658;81.37658197767658;79.46897624603602;79.46897624603602;78.41637492404678;83.95516653801388;81.8036419459132;80.54
1998-03-01;82.92188946471656;82.92188946471656;80.68614570642549;80.68614570642549;78.92783201347291;85.49834612368238;83.87492741716396;81.9
1998-04-01;84.40708983858076;84.40708983858076;81.85363413115793;81.85363413115793;80.72696216805448;87.81822463862869;86.25556924153038;83.32
1998-05-01;85.44382996923608;85.44382996923608;82.81029164454732;82.81029164454732;81.08359807433779;88.86463895778613;88.49144189059506;84.32
1998-06-01;86.53426985582509;86.53426985582509;84.82797822054687;84.82797822054687;82.62500049175127;89.24289870437293;89.23706774502851;85.8
1998-07-01;87.975760944083;87.975760944083;86.73233729381256;86.73233729381256;85.04302197788444;90.78750341221263;90.46750661090007;87.49
1998-08-01;87.9034258707493;87.9034258707493;87.06956363437304;87.06956363437304;85.31784477754782;90.89000936466877;90.02776434474055;87.62
1998-09-01;88.33385319766636;88.33385319766636;86.9915825494487;86.9915825494487;86.33862743814753;92.01123525182203;90.02939818489246;87.88
1998-10-01;89.33678845574164;89.33678845574164;87.23586302419699;87.23586302419699;86.36361913202146;91.11547250733645;90.13094921190797;88.38
1998-11-01;90.39098257175361;90.39098257175361;88.39234587421436;88.39234587421436;88.99454925005249;91.22111519776728;90.80307276795902;89.49
1998-12-01;90.72157560591577;90.72157560591577;89.53237446706666;89.53237446706666;88.25366783864408;91.40638108001929;86.86953082263373;90.14
1999-01-01;92.77985501848238;92.77985501848238;90.66697347331865;90.66697347331865;88.75370914575115;93.40490189135748;93.07124623174252;91.69
1999-02-01;93.03093892974917;93.03093892974917;92.0012323188345;92.0012323188345;89.67868792891888;93.80644108207028;93.81534762444427;92.47
1999-03-01;92.94939572518962;92.94939572518962;92.5123900238189;92.5123900238189;91.46811896017674;93.72593637138037;94.14491847684535;92.75
1999-04-01;93.1282071502508;93.1282071502508;92.89465074327413;92.89465074327413;92.9285165312473;93.8242257252476;93.87163649394583;93.07
1999-05-01;93.74952521795772;93.74952521795772;93.72467731196636;93.72467731196636;93.75314229064539;94.91678755718486;93.63537910628807;93.8
1999-06-01;94.80616805535769;94.80616805535769;94.98220266807212;94.98220266807212;95.30184766153494;94.6905604314976;95.83188919637897;94.92
1999-07-01;95.99565989559997;95.99565989559997;95.21594223378158;95.21594223378158;95.65469976528264;96.3498360521824;96.04424739922044;95.65
1999-08-01;96.536725618265;96.536725618265;96.18414000567783;96.18414000567783;97.40249466315754;96.97144642848222;96.17451709769284;96.44
1999-09-01;97.51128543712532;97.51128543712532;96.71819999974538;96.71819999974538;97.48068132764976;97.14985850152958;97.77492163378;97.14
1999-10-01;98.2501968951934;98.2501968951934;97.78040663975425;97.78040663975425;98.13922032924805;98;98.58006302111127;98.03
1999-11-01;98.92710797945985;98.92710797945985;99.03823752945534;99.03823752945534;98.71098937137737;98.8;99.2221690369654;98.97
1999-12-01;100;100;100;100;100;100;100;100
2000-01-01;100.71051254868007;100.71051254868007;100.30413323301647;100.30413323301647;100.33871827801936;100.58130292602559;100.24532212423284;100.5
2000-02-01;102.51771587337092;102.51771587337092;101.36077025019382;101.36077025019382;102.59898595522597;102.60879632418384;102.70633657900125;102.01
2000-03-01;103.26876141090476;103.26876141090476;102.5128865159113;102.5128865159113;103.85071647266632;103.50500717409439;103.54718318438044;102.98
2000-04-01;104.26086440177932;106.80210208257886;103.57543258464872;103.61120958204278;104.97458892633352;105.35526268233849;104.82733701008895;104.25
2000-05-01;105.46022779680557;110.76194273888;104.39369044481873;103.72233355102603;105.87632469746569;106.50427176697812;105.66648338261517;105.29
2000-06-01;106.80313477019297;111.56330832742862;105.51600152639493;104.43664334426889;106.08786860692051;107.60680710339658;106.9126737322392;106.33
2000-07-01;107.4247094451252;112.75368734021212;106.23881988921862;104.69251550901261;106.96696492186162;108.50316046552423;108.57905855122542;107.03
2000-08-01;107.93496039525648;113.19350899506117;106.63872265951719;105.28073445184091;107.17393939979165;108.64175367013034;109.47298138365619;107.51
2000-09-01;108.12755663528782;113.66183282805962;107.11745783954649;105.24116447764577;107.56514504874418;108.89223578749166;109.23047388063837;107.74
2000-10-01;108.73642925256652;113.80217507481704;107.83566312247697;105.58827311138865;107.86724678296316;109.17708156723477;110.24150857725066;108.3
2000-11-01;110.65144516417034;113.67670352970279;108.91942935872318;106.45214920605822;108.31982820535104;110.03575910675104;110.80511589532323;109.46
2000-12-01;111.20909647578921;114.48023776224103;109.53809462884671;107.20725912813444;109.2249910501268;110.85458721850532;111.86916674972593;110.1
2001-01-01;112.3300788809046;115.78369606876947;110.60750906098069;107.74104372822278;109.87405802808097;111.56804723295635;112.80461200261361;111.09403662829568
2001-02-01;114.29671210335701;116.29747522664559;111.99307323512974;108.98910184580484;111.09638096096425;112.88980617456951;113.30934505022317;112.53698082396816
2001-03-01;115.99374472947925;117.14353911902826;112.55914939447061;109.33388895890701;111.92510967841613;113.59809093866185;113.48771277008098;113.50251356580554
2001-04-01;116.93555583354672;117.82686851328424;113.1537241362629;110.05209424183748;112.57355355207146;114.07317892159095;114.05049171068809;114.19944355990005
2001-05-01;118.41901159121436;119.66236747860165;114.1993555787252;111.45231775875831;113.97616132875129;114.91125896467959;114.78205255988573;115.5578749133239
2001-06-01;119.12433723165084;120.362632949729;115.05892613216112;112.39512877604515;114.44317800072888;115.58631862146903;115.18288370599247;116.30467988813241
2001-07-01;119.6022650594605;122.99402425924025;115.25974887684578;112.8;115.57515081028093;116.2;116.67064963398565;116.92914560341632
2001-08-01;120.78520872142242;123.5787319863488;115.73161569347852;113.5306640199819;116.05078709172574;117.35987691939714;117.57358107135344;117.74772706297959
2001-09-01;122.26401738482657;124.08908620524149;116.37;114.1085291612721;116.45;117.54825603245399;118.17632922466973;118.63200923599128
2001-10-01;122.9;123.5;116.7;114;116.1;117.7;117.7;118.8
2001-11-01;123.6;124.1;116.9;114.7;116.4;119;118.2;119.4
2001-12-01;123.9;124.5;117.4;115.4;116.8;118.9;118.2;119.8
2002-01-01;124.5;124.6;117.8;115.5;117.3;119.5;118.6;120.2
2002-02-01;126.06120974190554;126.04210502104452;118.8491350853139;116.69472426229551;118.64580879494473;120.76374258532441;118.90851135696647;121.46362760227778
2002-03-01;126.8013369549375;126.85596612972385;119.6190068630484;117.1913991974651;119.64547579171062;121.23251676281589;120.03479406846299;122.19663336767864
2002-04-01;127.9;127.8;120.2;118.1;120.9;122.1;121;123.1
2002-05-01;128.4;128.6;121;118.6;121.5;122.7;121.4;123.7
2002-06-01;130.349858134539;129.87936565755092;121.82815956746629;119.94510035505552;122.71924929786859;123.41719694923948;122.57428873605991;125.09271669731733
2002-07-01;131.4;130.4;123.1;120.5;123.4;124.7;123.6;126.1
2002-08-01;132.1;131.2;124.1;121.3;123.9;125.8;123.9;126.9
2002-09-01;132.6;131.4;124.3;121.5;123.5;125.4;123.7;127.1
2002-10-01;133.3;132.3;125.5;121.9;124.1;125.8;124.1;127.8
2002-11-01;133.9;133;126.3;122.6;125.4;127.6;124.7;128.6
2002-12-01;135;133.8;127.5;123.2;126.2;128.1;125.7;129.5
2003-01-01;136.2;134.4;128.4;124;128.1;129.1;127.6;130.6
2003-02-01;138.2;136;130.1;125.3;129;131;128.8;132.3
2003-03-01;138.7;136.7;130.7;125.8;129.6;131.7;129.2;132.8
2003-04-01;139.4;137.7;131.7;125.9;130.1;132.4;129.5;133.5
2003-05-01;139.6;137.6;131.8;126.6;130.2;132.6;129.1;133.7
2003-06-01;140.1;137.8;131.9;127.1;130.7;132.8;129.4;134.1
2003-07-01;140.7;138.6;132.5;127.7;131;133.5;129.8;134.6
2003-08-01;142.5;139.4;133.1;128.8;131.5;134;130.7;135.8
2003-09-01;143;140;133.8;129.5;132.4;134;131.8;136.4
2003-10-01;143.8;140.7;134.3;129.9;132.8;134.6;132.6;137
2003-11-01;144.7;141.5;134.8;131.1;133.5;135.7;133.5;137.9
2003-12-01;145.4;141.5;135.2;131.6;133.7;136.5;133.8;138.3
2004-01-01;146.4;143.1;136.9;132.6;134.7;137.8;134.7;139.6
2004-02-01;149.1;144.3;138.2;133.6;136;139.2;135.5;141.2
2004-03-01;149.4;145.2;138.9;134;135.9;139.5;136;141.7
2004-04-01;150.7;146.9;140.6;135.6;136.8;140.4;137.6;143.2
2004-05-01;152;147.9;141.5;137;137.7;141.2;138.5;144.3
2004-06-01;153;148.7;142.3;137.8;138.5;142;138.9;145.2
2004-07-01;155;151.2;144.1;139.8;140.6;144.2;140.5;147.1
2004-08-01;155.4;151.8;144.6;140.3;140.7;144.5;140.9;147.6
2004-09-01;155.6;151.8;144.8;140.5;141.4;144.7;141.8;147.8
2004-10-01;157.1;153.7;145.8;141.7;142.8;146.5;142.7;149.1
2004-11-01;158.5;154.8;146.8;143;144.1;148.6;144.3;150.4
2004-12-01;159.1;155.4;147.5;143.4;145;148.6;144.1;151
2005-01-01;160.5;156.9;148.4;143.9;147.3;149;146.5;152.2
2005-02-01;163.2;158.6;149.6;145.3;148.8;151;148.5;154
2005-03-01;164.5;159.9;150.9;146.2;150.1;151.8;149.7;155.2
2005-04-01;166.2;160.8;152.4;147.3;151.5;152.5;151;156.6
2005-05-01;166.8;161.3;152.7;148;152.3;153.4;151;157.2
2005-06-01;168.1;162.7;153.7;149;153;154.4;152.3;158.3
2005-07-01;169.2;163.8;155.2;150.7;154;156.1;153.8;159.7
2005-08-01;170.1;165.6;157;152.1;155.1;157.5;155.8;161
2005-09-01;170.8;165.4;157.5;152.9;155.1;158.1;156.4;161.6
2005-10-01;170.9;165.4;157.7;152.7;155.3;158.4;156.6;161.7
2005-11-01;171.1;165.5;158.1;153.2;156;158.7;156.6;162
2005-12-01;172.2;165.8;158.3;154;156.6;159.2;157.4;162.7
2006-01-01;172.7;166.3;159.4;154.2;157;159.9;158.5;163.3
2006-02-01;174;167.3;160.5;155.1;158.5;161.8;158.8;164.4
2006-03-01;174.5;167.5;160.8;155.4;158.8;162.3;159.1;164.8
2006-04-01;175.6;168.6;161.6;156.1;160;163.2;160.7;165.7
2006-05-01;176.7;170.3;162.6;157.2;160.9;164.4;161.5;166.8
2006-06-01;177.5;171;162.8;157.5;160.8;165.1;162.6;167.3
2006-07-01;178.4;171.9;163.7;158.4;161.3;165.9;163.6;168.2
2006-08-01;178.7;172.9;164.2;159;161.9;166.6;164.5;168.8
2006-09-01;179;172.5;164.2;158.9;162.3;167.1;163.6;168.8
2006-10-01;179.5;172.3;164.2;159;162.3;167.3;163.1;169
2006-11-01;180.1;173.4;165.2;160;163.2;168.7;165.2;169.9
2006-12-01;181.5;175.3;166.5;161.2;164.5;170.9;167.1;171.3
2007-01-01;182.1;177;167.5;162.6;166;172.5;169.3;172.4
2007-02-01;184;178.8;168.9;164;167;174;170.5;173.9
2007-03-01;185.3;180.3;170.1;165.2;168.4;174.8;171.7;175.2
2007-04-01;186.3;180.9;171.2;166.4;169.8;175;172.8;176.2
2007-05-01;186.9;181.7;172;167.1;170.1;175.4;173.6;176.9
2007-06-01;187.6;183;172.7;167.5;170.6;177.4;174.1;177.6
2007-07-01;189.1;185;173.5;168.4;171.7;178.6;176.5;178.8
2007-08-01;190.3;186.3;174.8;169.7;172.4;179.6;177.8;180.1
2007-09-01;190.6;186.5;175.6;170.8;173.2;180.7;178.6;180.8
2007-10-01;193.5;188.8;177.2;172.9;175.2;183.1;181.4;183
2007-11-01;196.2;192.3;180.1;176.3;178.9;187.9;186;186.2
2007-12-01;196.1;191.4;180.7;176.9;179.6;189;186.7;186.5
2008-01-01;197.4;192.4;181.6;178.8;181.3;190;187.5;187.7
2008-02-01;200.1;194.3;183.6;180.1;182.3;191.8;188.4;189.7
2008-03-01;201.7;196.1;185;182.1;183.8;193.9;189.6;191.4
2008-04-01;203.3;198.3;187;184.2;185.7;196.1;192.7;193.3
2008-05-01;206.7;202.6;190.1;187.9;189.2;200.4;195.8;196.8
2008-06-01;208.5;206;192.3;190.6;192.9;203.2;199;199.2
2008-07-01;212.9;211;196.7;194;196.8;208;204.2;203.4
2008-08-01;215.5;212;198.1;195.5;198.7;209.3;206.8;205.3
2008-09-01;216.3;211.6;198.6;195.9;197.9;209;205.6;205.6
2008-10-01;218;211.9;199.6;197.3;198.2;209.5;206.1;206.9
2008-11-01;217.7;210.3;198.7;197.8;198.7;210.7;205.2;206.5
2008-12-01;217.8;209.7;198.6;198.4;199.4;211.2;205.7;206.7
2009-01-01;217.4;209.9;198.5;199.2;199.5;210.8;205.1;206.6
2009-02-01;219.3;211.7;199.8;200.1;201.4;212.4;206.2;208.2
2009-03-01;219.8;211.7;199.9;199.7;201.2;211.3;205.8;208.2
2009-04-01;220.9;212.7;200.9;199.3;201.5;211;206.1;208.9
2009-05-01;221.3;212;201;199;201.5;211.6;206.5;208.9
2009-06-01;222.4;212.2;202.2;199.9;201.8;212;208.3;210
2009-07-01;224;214.5;204.1;201.6;202.2;213.2;209.3;211.5
2009-08-01;224.2;214.4;204;202;201.9;212.8;210.4;211.7
2009-09-01;224.7;213.1;204.6;201.8;201.5;212.7;210.8;211.9
2009-10-01;224.7;213.1;205.6;202.9;202.4;212.4;211;212.4
2009-11-01;225.1;213.4;206.1;203.6;202.8;212.8;211.1;212.9
2009-12-01;225.2;213;205.8;203.4;204;212.6;210.7;212.8
2010-01-01;227.3;213.6;207.1;203.8;204.1;213.2;211.4;214
2010-02-01;228.4;215.3;208.6;205.3;206.6;215.1;213.3;215.5
2010-03-01;229.3;216.6;209.7;206.1;207.6;216.5;214.6;216.5
2010-04-01;230.4;217.7;210.9;206.8;209.6;217.7;215.3;217.6
2010-05-01;231;217.7;211.3;207;209.5;217.6;215.4;218
2010-06-01;231.7;218.4;212.6;208.1;209.7;218.7;216.6;218.9
2010-07-01;233;220.5;214;209.4;211.6;219.9;218.1;220.3
2010-08-01;234.1;221.3;215;210.1;213;221.1;218;221.3
2010-09-01;235.2;222.7;216.6;211.6;214.1;222.2;219.2;222.6
2010-10-01;236.9;226.3;218.5;214;215.6;224.4;222.9;224.7
2010-11-01;238.9;229.6;219.5;215.6;217.6;228.4;226.3;226.6
2010-12-01;238.5;229.5;220.2;214.9;218.3;228;227.2;226.6
2011-01-01;239.9;231.4;220.4;216;219.8;228.1;227.7;227.6
2011-02-01;242.3;233.9;222.3;215.7;221.9;228.7;228.6;229.2
2011-03-01;243.7;236.8;224.3;217.2;222.5;230.7;230.1;230.8
2011-04-01;245.6;239.1;227.5;219.5;227.1;232.2;232.7;233.4
2011-05-01;247.1;240.1;229;220.9;227.7;233.6;234.6;234.8
2011-06-01;248.3;241.6;229.5;221.9;228.2;235;236.3;235.8
2011-07-01;249.5;243;231.3;223.9;229.4;236.4;239.4;237.4
2011-08-01;250.6;243.1;232.8;224.4;229.6;236.6;240.5;238.3
2011-09-01;250.2;241.6;232.3;224.6;227.9;236.5;240;237.8
2011-10-01;250.6;240.8;232.5;225.1;227.6;236.1;239;238
2011-11-01;252.2;240.7;232.8;225.3;229.7;236.4;240.5;238.9
2011-12-01;252.7;240.9;233.2;226.1;229.6;236.8;240.4;239.3
2012-01-01;252.8;241.6;234.3;226.6;230.2;237.1;240.5;239.8
2012-02-01;255.5;243.4;236.3;228.5;232.9;239.6;243.5;242.1
2012-03-01;257.4;245.2;237.9;230.6;234.6;240.3;245.1;243.9
2012-04-01;260.3;247.5;240.1;233.2;237.7;242.6;248.8;246.6
2012-05-01;260.5;247;240.3;234.2;237.7;243.1;249.2;246.9
2012-06-01;260.7;245.9;241;233.6;237;242.8;249.3;246.9
2012-07-01;261.1;245.9;240.9;233.9;237.5;243.1;250.7;247.1
2012-08-01;262.5;247.9;242.3;235.4;238.4;243.9;251.6;248.6
2012-09-01;264.3;250.1;244.2;237.3;240.2;245.2;253.1;250.4
2012-10-01;265.4;251.4;245.7;238;241;246.4;253.7;251.5
2012-11-01;265.9;251.2;245.9;238.6;241.2;247.4;254.1;251.9
2012-12-01;266.5;251.1;246.3;238.4;241.4;247.9;254.2;252.2
2013-01-01;267.4;253.6;247.4;239.7;243.3;249;255.5;253.4
2013-02-01;270;256.8;250.4;241.9;245.9;252.1;257.6;256.1
2013-03-01;271.3;258.2;251.9;243.3;247.5;253.5;259.7;257.5
2013-04-01;271.9;258.4;252.5;243.6;248.9;255.1;260.2;258.1
2013-05-01;273;258.5;253.1;244.4;249.2;255.9;260.5;258.8
2013-06-01;274.3;259.9;253.8;245.3;251;257.4;261.4;259.9
2013-07-01;275.3;261.2;254.9;246.3;252.8;258;262.4;261
2013-08-01;276.3;262.1;255.9;247.5;253.3;258.9;264;262
2013-09-01;277.1;262.7;256.5;248.3;254.1;260.4;265;262.8
2013-10-01;277.5;262.4;257.2;248.5;253.3;260.5;265.4;263.1
2013-11-01;278.1;262.9;257.7;249.7;254.1;260.8;265.7;263.8
2013-12-01;279.1;263.5;258.4;250.7;255;261.1;266.4;264.6
2014-01-01;283;267.4;262.5;254.5;259.2;263.7;270.7;268.6
2014-02-01;285.6;269.1;264.9;256.2;261.2;266.8;271.8;270.8
2014-03-01;287.6;270.4;266;258.2;262.5;268.4;273.4;272.4
2014-04-01;288.6;271;267.7;258.4;263.4;269.8;274.6;273.5
2014-05-01;290;273;268.9;260.2;265.1;271.1;276.1;274.9
2014-06-01;291.4;274.4;270.1;261;266.2;272.8;277;276.1
2014-07-01;293.2;276.8;271.7;263;268.8;276;280.7;278.2
2014-08-01;293.4;276.5;272.9;263.1;268.9;276.3;281.2;278.6
2014-09-01;293.9;276.9;273.1;263.4;268.7;276.1;281.3;278.9
2014-10-01;294.6;277.7;274;264.5;269.6;277.2;281.6;279.7
2014-11-01;295.3;278.3;274.8;266.6;270.4;279.3;282.2;280.7
2014-12-01;294.7;275.5;274.9;265.7;269.2;278.1;279.7;280
2015-01-01;293.5;274.6;274.4;264.1;268.8;277.4;278.1;278.9
2015-02-01;296.1;276.1;275.6;265;272;278.7;279.1;280.7
2015-03-01;297.9;278.3;277.4;266.3;275.6;280.7;281;282.6
2015-04-01;298.7;278.3;278.1;266.9;277;281.7;281.4;283.3
2015-05-01;300.3;279.6;279.5;267.5;277.9;282.9;283;284.5
2015-06-01;302.1;281.2;280.7;269.1;279.9;283.7;285.2;286.1
2015-07-01;303;283.1;281.7;269.7;281.3;284.5;286.5;287.1
2015-08-01;303.2;282.6;282.2;269.4;280.9;284.6;287;287.2
2015-09-01;302.8;281.5;281.4;269.1;279.9;283.5;286;286.6
2015-10-01;302.9;281.2;281.7;269.5;279.7;283.8;286;286.8
2015-11-01;303.5;280.1;281;269.5;279.1;282.9;285.3;286.6
2015-12-01;303.8;279.5;280.8;269.3;279.4;282.7;285.1;286.6
2016-01-01;304.6;280.4;281.8;270;279.9;284.3;286.2;287.5
2016-02-01;306.4;281.4;283.4;270.7;281.4;285.5;289.1;288.9
2016-03-01;307.3;281.9;283.7;271.6;282.8;286.1;288.4;289.6
2016-04-01;307.9;282;284.6;272.1;283.3;286.7;288.4;290.2
2016-05-01;309;282.6;286;272.8;283.7;287.7;289;291.2
2016-06-01;310.9;285.3;287.9;274.2;285.8;288.8;291.7;293.1
2016-07-01;312.1;286.2;288.8;274.2;286.8;290.6;292.7;294
2016-08-01;313.1;286;289.2;274.5;286.5;290.5;292.1;294.4
2016-09-01;313.9;286;289.8;275;285.9;289.9;291.8;294.9
2016-10-01;314.3;284.7;290.1;274.6;284.9;289.8;291.9;294.9
2016-11-01;314.7;284.7;290.7;275.1;285;290.4;292.7;295.3
2016-12-01;315.7;285.5;291.3;275.7;286.4;290.6;292.9;296.1
2017-01-01;317.4;286.5;292.8;275.9;287.6;291.8;294.8;297.4
2017-02-01;320.9;288.5;294.9;278.8;289.8;293.4;296;300
2017-03-01;321.8;289.3;295.8;279.6;291.6;294.2;297.1;301
2017-04-01;323.3;289.7;296.8;280.6;292.7;295.3;297.6;302.1
2017-05-01;324.6;290.6;297.7;281.1;293.1;296.5;298.4;303
2017-06-01;325.6;291.9;298.1;281.5;293.9;299.3;299.8;303.8
2017-07-01;326.8;293.4;298.7;282;294;299.5;302;304.7
2017-08-01;328;293.9;299.5;283.9;294.3;299.7;302.1;305.7
2017-09-01;328;293.1;299.6;284.2;294.4;298.8;302.1;305.7
2017-10-01;329;294.4;300.1;284.7;295.8;299.9;302.7;306.6
2017-11-01;330.2;296.7;301;287.3;298.1;301.7;304;308.1
2017-12-01;331.8;298.4;302.4;290.4;301.3;304;305.9;310.1
2018-01-01;332.6;299.2;303.5;290.5;303.4;305;308.1;311
2018-02-01;335.3;300.6;305.7;290.7;307.4;307.5;308.4;313
2018-03-01;336.5;301.3;306.9;292.1;308.5;308;308.6;314.1
2018-04-01;337.5;301.6;307.4;292.8;309.1;308.4;309.7;314.8
2018-05-01;337.8;302;307.7;292.9;308.5;309.2;310.5;315.1
2018-06-01;339;303.3;308.7;295.3;309.2;310;312;316.4
2018-07-01;340.2;305.5;309.6;296.4;310;310.1;314.2;317.6
2018-08-01;341.5;305.4;311.9;297.5;311.5;310.2;315.5;319
2018-09-01;341.5;305.1;311.8;297.5;313.7;310.1;316.8;319.1
2018-10-01;342.6;307.4;314.2;299.5;315.6;311.7;318;320.9
2018-11-01;344.8;309;315.6;301.5;317.9;312.1;317.9;322.6
2018-12-01;346;308.1;316.1;301.5;319;311.9;318.2;323.2
2019-01-01;346.1;308;316.3;301.5;318.2;312.1;319;323.3
2019-02-01;349.6;310.8;318.8;302.8;320.4;314.4;320.7;325.8
2019-03-01;350.7;312.2;319.9;304.4;322.9;315.9;321.5;327.1
2019-04-01;353.5;314.5;323.7;306.5;326.4;317.7;324.6;330.1
2019-05-01;355;315.8;324.8;307.5;327.2;318.2;327;331.3
2019-06-01;355.2;316.3;325;307.8;327.8;318.9;327.8;331.6
2019-07-01;356;316.8;326.1;308.9;327.9;320.6;328.5;332.5
2019-08-01;356.4;317.4;326.2;309.1;327.2;320.9;327.8;332.7
2019-09-01;357;317.6;326.7;309.3;329.2;320.5;327.7;333.2
2019-10-01;357.9;318.7;327.1;309.7;331.3;321.5;328.3;334
2019-11-01;359.1;319.6;327.8;311.3;331.8;322.2;328.6;335
2019-12-01;360.2;321.3;329;313.2;333.9;324.2;329.6;336.4
2020-01-01;360.5;321.9;330.8;313.5;336.2;325;330.2;337.2
2020-02-01;364;321.5;331.9;313.6;337.6;325.7;330.3;338.8
2020-03-01;365.2;321.8;332.6;314.9;339.1;327.4;330.2;339.8
2020-04-01;366.7;324;333.1;316.7;340.2;329.5;330.9;341.1
2020-05-01;364.2;321.5;330.7;314.8;339.6;327.5;328.5;338.9
2020-06-01;365.8;322.5;331.8;316.3;340.8;328.9;332.7;340.4
2020-07-01;366.7;329.1;334.2;319.3;342.8;331.6;336.7;342.8
2020-08-01;367.8;330.3;335.1;319.5;342.1;331.5;336.5;343.4
2020-09-01;369.2;328;338.6;319.7;341;331.2;332.8;344.5
2020-10-01;372.4904;328.2914;342.0855;318.9176;340.4226;330.595;331.1439;346.2389
2020-11-01;374;330.9;344.4;319.8;341.4;331.4;331.3;347.8
2020-12-01;376.6;332.9;344.6;322.7;346.2;334.4;333.2;349.9
2021-01-01;378;333.2;346.5;323.5;347;337.5;336;351.3
2021-02-01;378.2;334.4;347.1;323;349.1;342;337.5;351.9
2021-03-01;379.1;337.3;348.3;324.2;351.4;344.7;338.2;353.2
2021-04-01;380.6;340.4;349.3;325.7;352.2;345.8;338.6;354.6
2021-05-01;381.5;340.2;350.1;326.1;353.2;346.3;339.6;355.3
2021-06-01;382.5;343;351.9;325.8;353.1;347.5;341;356.3
2021-07-01;383.2;346.2;353;326.7;353.3;348.5;343.2;357.4
2021-08-01;384.9;346.5;354.6;328;354;350.5;344.8;358.8
2021-09-01;386.7;348.3;355.8;329.7;355.6;352.2;345.7;360.4
2021-10-01;388.7;348.5;358.1;331.8;357.2;353.4;347.3;362.3
2021-11-01;391.6;351.8;360.9;333.8;359.8;355.5;350.5;365
2021-12-01;394;357.5;363.7;339;364.6;359;353.7;368.5
2022-01-01;399;359.6;368;343;370.5;366.4;358.4;373
2022-02-01;401.5;361.3;368.6;342.6;373.1;366.2;358.9;374.3
2022-03-01;404.6;368.4;371.7;346.6;376;370.6;360.9;377.8
2022-04-01;410.3;377.1;379.8;351.5;381.9;375.9;366.4;384.2
2022-05-01;414.9;377.8;382.8;353.7;386.6;380.9;370.1;387.6
2022-06-01;420.4;389.2;386.9;357.3;391.2;387.2;374.1;392.7
2022-07-01;424.6;387.2;390.9;360.7;393.4;391.9;379.5;396.2
2022-08-01;423.6;389.4;390.2;361.4;394.8;393;379.9;396.1
2022-09-01;423.3;387.9;391.7;362.3;395.7;394.3;380.9;396.6
2022-10-01;426;389.3;394.9;364.5;397.6;398.1;382.4;399.2
2022-11-01;429.9;394.5;398.3;368.2;402.8;402.7;386;403.1
2022-12-01;431.1;397.5;399.6;370.3;404.5;404.6;386.2;404.6
2023-01-01;433.5;396.5;401.8;370.8;405.6;406;389.1;406.3
2023-02-01;437.5;402.6;407.4;374.7;411.2;410.9;394;411
2023-03-01;438.9;401.4;408.6;374.9;413.7;411;396;412
2023-04-01;439.8;400.9;409.9;375;415.1;412.6;397.4;412.8
2023-05-01;439.7;400.9;410.5;375.4;414.8;414.8;399.4;413.1
2023-06-01;442.1;402.8;411;376.7;416.7;417.7;400.3;414.7
2023-07-01;444.1;404.5;413.1;377.5;418.9;419.6;403.9;416.6
2023-08-01;446.5;407.3;415.1;379.4;420.9;420.9;406.3;418.7
2023-09-01;448.2;409.6;417.4;382.1;423.9;422.4;407.6;420.9
2023-10-01;450.2;412.2;418.3;383.7;425.2;422.9;409.9;422.5
