Fechas;Alimentos y Bebidas no Alcohólicas;Bebidas Alcohólicas y Tabaco;Prendas de Vestir y Calzado;Alojamiento, Agua, Electricidad, Gas y Otros Combustibles;Muebles y Artículos para la Conservación del Hogar;Salud;Transporte;Comunicaciones;Recreación y Cultura;Educación;Restaurantes y Hoteles;Cuidado Personal;IPC
1991-01-01;23.819;23.1494;26.1359;24.6226;39.6517;18.5264;20.8911;68.3768;17.0795;18.3852;16.6882;27.3481;24.09
1991-02-01;24.9873;24.7892;27.1091;24.9263;40.1655;20.1191;22.1647;34.3272;17.8361;22.0469;18.3705;27.8562;24.88
1991-03-01;25.4516;27.0216;27.9717;25.1111;40.5756;20.2238;20.3052;35.1771;17.8381;22.0469;18.3705;28.1022;25.21
1991-04-01;25.8855;26.9651;28.8143;26.2464;42.2321;20.5214;20.3948;70.5535;18.1655;22.0469;18.3705;28.491;26.04
1991-05-01;26.6024;27.3337;29.3386;26.3905;42.4602;20.9724;20.5384;36.7587;19.2331;22.0469;19.4501;28.4658;26.34
1991-06-01;27.5316;27.3952;29.1657;26.652;42.5528;20.9837;20.5384;36.7587;19.9123;22.0469;19.4501;28.6296;26.81
1991-07-01;28.5021;27.3925;29.119;26.6572;41.7629;21.3958;20.5384;36.8311;19.9135;22.0469;19.4501;28.8572;27.23
1991-08-01;29.0512;28.2583;29.3557;26.6797;41.4804;21.938;20.5967;37.1764;20.6365;22.0469;21.8959;29.0192;27.57
1991-09-01;28.6795;28.308;29.5172;26.755;41.3687;22.126;20.5967;37.285;20.6365;22.0469;21.8959;29.2309;27.46
1991-10-01;28.6541;29.9296;29.7471;27.4709;43.0634;22.1784;20.5967;37.5965;20.6365;22.0469;21.8959;29.7448;27.73
1991-11-01;28.6975;30.0631;30.1413;27.6328;43.8023;22.5451;20.874;38.0239;22.3797;22.0469;22.858;30.0202;27.96
1991-12-01;28.6728;30.0585;30.4151;27.7763;44.431;22.4106;20.874;16.5;22.3946;22.0469;22.858;29.9144;28.03
1992-01-01;28.6797;30.0835;30.7717;27.7927;43.3156;22.5602;20.6614;15.77988957684921;22.5319;22.0469;22.858;30.1966;28.07
1992-02-01;29.1132;30.2699;31.0831;27.8656;44.4422;22.7595;21.0717;15.919291354877155;22.6333;23.6618;23.7031;30.5442;28.38
1992-03-01;28.4759;30.2972;31.5538;27.8819;44.814;22.8151;21.0717;15.958181163499104;22.6332;23.6618;23.7171;30.7013;28.45
1992-04-01;28.6106;30.2212;31.8379;28.4147;44.9145;22.8389;21.0717;15.97482823985166;24.3254;23.6618;23.7171;30.5056;28.74
1992-05-01;29.3999;32.4091;31.7238;28.4812;44.6672;23.1435;21.1436;16.18788283888484;24.0486;23.6618;24.687;30.4619;28.85
1992-06-01;28.7064;32.4896;31.9109;28.5184;44.7996;23.2299;21.9848;16.24831592278657;23.9107;23.6618;24.687;30.472;28.87
1992-07-01;28.9038;32.4406;32.041;28.5191;45.1587;23.3336;21.9848;16.320849612608438;23.9107;23.6618;24.687;30.4258;28.98
1992-08-01;29.0385;32.3979;32.1591;28.6166;45.272;23.3547;22.0936;16.33560815508907;23.9241;23.6618;24.687;30.5745;29.09
1992-09-01;28.8687;32.3939;32.2629;28.7893;45.1986;23.7905;22.0936;16.640431511158205;23.9241;23.6618;24.687;30.729;29.1
1992-10-01;28.9388;32.4439;32.5202;29.1994;44.8443;23.8899;22.0936;16.709957535924776;23.9996;23.6618;24.687;30.5199;29.25
1992-11-01;29.3889;33.3855;32.6474;29.4533;45.2576;24.1459;22.181;16.88901852526323;24.2879;23.6618;25.7702;30.7483;29.58
1992-12-01;29.9644;33.3888;33.0194;29.4338;45.3582;24.1616;21.7508;16.9;24.2879;23.6618;25.7702;30.9347;29.86
1993-01-01;30.0012;33.4451;33.2522;29.743;45.2736;24.8593;21.7508;18.1343;24.3695;23.6618;25.7702;31.0212;30.02
1993-02-01;30.0548;33.547;33.6829;30.25;45.6885;25.0192;21.817;18.3165;24.4406;26.7714;26.5514;30.4393;30.3
1993-03-01;30.3202;34.1022;33.8192;30.4504;46.0459;24.9528;22.0907;18.3479;24.7135;26.7714;26.5514;30.6509;30.51
1993-04-01;31.0266;34.0821;33.8495;31.06;46.1114;24.9134;22.469;18.4832;27.0131;26.7714;26.5514;30.8952;31.12
1993-05-01;31.3469;34.2114;33.9476;31.2;46.563;25.1953;23.1467;18.5254;27.5779;26.7714;26.5898;31.0136;31.39
1993-06-01;32.4359;34.2114;34.0041;31.0547;47.1821;25.2574;23.1467;18.4783;27.5779;26.7714;26.5898;31.5209;31.85
1993-07-01;34.4662;34.2281;34.2494;31.1364;47.4742;25.7618;23.1467;18.5604;27.5824;26.7714;26.5898;31.8013;32.81
1993-08-01;34.6156;34.2548;34.5968;31.6575;47.4773;27.5252;23.6672;18.6739;27.8093;26.7714;28.962;32.3866;33.17
1993-09-01;33.7153;35.3429;34.744;32.0831;47.854;27.6877;23.6672;18.7548;27.8283;26.7714;28.962;33.5211;32.98
1993-10-01;33.9075;35.4517;34.9254;32.4131;48.1875;27.9259;23.6672;18.8296;27.8283;26.7714;28.962;34.2895;33.21
1993-11-01;34.1935;35.5287;35.707;32.5206;48.0598;28.6226;23.9189;18.8997;28.4844;26.7714;29.6896;34.7455;33.53
1993-12-01;34.4154;35.6053;35.8416;32.9013;48.3439;28.7414;23.5371;18.2;28.4844;26.7714;29.6896;34.9596;33.74
1994-01-01;35.9205;35.6095;36.3488;33.1267;48.4444;29.0655;22.7463;43.0551;28.486;26.7714;29.6918;35.7537;34.21
1994-02-01;37.1197;36.3745;36.5039;33.769;48.8677;31.5194;22.8846;43.7474;29.9023;31.7212;30.3432;36.2253;35.24
1994-03-01;37.4982;36.3792;37.0691;34.14;49.7735;31.6529;22.8846;43.7388;29.9103;31.7212;30.3432;36.817;35.6
1994-04-01;38.5491;37.5062;37.1794;35.8014;50.2711;32.0399;24.4801;44.0643;29.9103;31.7212;30.3432;37.3529;36.59
1994-05-01;40.8149;38.9066;37.5282;36.7285;50.9612;32.9551;25.904;44.9077;31.4649;31.7212;33.9008;38.0162;38.03
1994-06-01;42.2337;38.9032;37.9304;37.0363;51.7106;33.1366;26.0217;45.0346;31.4776;31.7212;33.9008;38.6911;38.8
1994-07-01;43.3921;38.8994;38.2628;37.7087;52.0936;33.4792;26.7924;45.0468;38.083;31.7212;33.9008;39.3997;39.86
1994-08-01;44.499;39.1475;38.8646;38.4521;52.4791;34.7097;27.2446;45.7003;38.1603;31.7212;36.4947;40.1424;40.71
1994-09-01;44.3843;41.912;39.45;39.1006;53.2057;35.0857;27.2446;45.7441;38.0507;31.7212;36.4947;40.8819;40.97
1994-10-01;45.3493;41.9756;39.779;40.0177;54.2205;35.2702;27.2446;45.9059;38.0507;31.7212;36.4947;41.022;41.68
1994-11-01;47.0429;43.8037;40.2494;41.1855;54.5945;36.9307;29.756;47.5446;38.1982;31.7212;38.2575;42.2358;42.97
1994-12-01;47.5962;46.5442;40.8159;41.8482;55.0674;37.2075;29.6439;47.6598;38.1982;31.7212;38.2575;42.5491;43.5
1995-01-01;48.9269;46.847;42.0166;42.873;55.8679;37.3892;32.7301;47.7872;41.4968;31.7212;38.2559;43.6594;44.74
1995-02-01;51.1999;48.1986;42.7719;43.8628;56.8541;39.8401;43.0985;51.1977;41.8948;44.3202;42.9425;46.5549;46.96
1995-03-01;51.8846;48.291;43.4519;44.8542;56.6036;39.9227;43.0145;51.2927;41.9101;44.3202;42.9425;47.8254;47.62
1995-04-01;52.6329;48.4514;44.1599;47.6779;58.0685;40.3548;43.8828;60.0568;41.9146;44.3202;42.9425;49.1984;48.84
1995-05-01;52.9143;50.9055;46.4236;48.8171;59.5669;41.5376;44.9601;59.32;42.0886;44.3202;44.2467;50.7461;49.73
1995-06-01;53.2014;51.0001;47.5372;49.5674;59.9674;41.7482;44.8364;60.1403;42.0886;44.3202;44.2467;51.2483;50.19
1995-07-01;53.7375;52.5504;48.1739;50.0983;60.2004;42.1673;44.2682;59.0511;46.0953;44.3202;44.2467;52.3416;50.86
1995-08-01;54.1982;52.8434;48.7661;51.2162;60.5738;44.2153;44.4694;60.1403;46.2931;44.3202;53.8908;52.5188;51.54
1995-09-01;54.5768;52.8233;49.9321;53.2231;60.9504;44.2185;44.6906;73.385;50.9083;44.3202;53.8908;53.3149;52.59
1995-10-01;55.6615;55.1141;50.3338;54.6276;61.6382;44.5733;44.4246;73.6089;52.2884;44.3202;53.8908;53.9245;53.57
1995-11-01;56.7446;55.6684;50.9088;54.7447;61.943;46.2924;45.8155;66.3485;52.7051;44.3202;56.3732;54.1286;54.32
1995-12-01;58.2701;55.7013;51.5432;55.1751;62.5223;46.4571;46.0936;66.3838;52.7051;44.3202;56.3732;54.8231;55.15
1996-01-01;58.222;55.6337;52.2626;55.9705;62.3483;46.556;46.4214;66.4758;52.7051;44.3202;56.3732;55.2942;55.43
1996-02-01;59.6497;57.2047;53.0179;57.1908;62.9819;48.9448;51.6415;67.0451;52.7778;51.1174;58.805;58.0897;57
1996-03-01;60.3045;62.7535;53.9575;58.2107;63.917;49.5988;52.5019;67.2971;52.7778;51.1174;58.805;59.4174;57.89
1996-04-01;61.7522;62.8645;54.3808;59.886;64.4021;50.053;53.4733;68.0174;52.7778;51.1174;58.805;61.1346;59.08
1996-05-01;63.5986;63.281;54.856;60.9147;65.2798;51.0727;54.5434;68.275;53.481;51.1174;60.8484;61.6217;60.31
1996-06-01;66.4373;63.281;55.8573;61.4987;66.6987;51.3931;54.5092;68.4823;53.4858;51.1174;60.8492;62.4316;61.83
1996-07-01;68.981;63.4773;56.4686;62.3321;66.8256;51.7095;54.8787;68.4823;53.4858;51.1174;60.8492;63.1766;63.25
1996-08-01;71.5668;64.0219;57.1183;63.5629;68.3266;53.4718;58.8775;72.9245;53.9934;51.1174;62.5989;64.3936;65.01
1996-09-01;71.9099;69.3296;61.0217;65.1147;69.1216;53.8777;59.4921;73.2495;54.0093;51.1174;62.5989;66.5887;66.12
1996-10-01;72.0486;69.6249;61.8855;66.0816;70.6614;54.3399;60.5809;73.9607;64.0196;51.1174;62.5989;67.7538;67.09
1996-11-01;73.1889;70.0441;63.7008;66.7113;71.4886;55.3106;63.3857;74.551;69.683;51.1174;64.021;68.2358;68.43
1996-12-01;73.4633;70.3957;66.1878;67.358;72.3458;56.1654;64.9979;74.835;69.9197;51.1174;65.4387;68.9294;69.12
1997-01-01;75.69052604100364;70.90024227768993;66.78997553865672;68.36323863909426;72.82793076034112;57.839821234481214;66.02194438372564;75.19456136047116;70.23551517565018;51.1174;66.87936347926093;70.28282707154845;70.56
1997-02-01;77.23527466078578;72.12401095347924;68.66185761305256;69.03144191097348;75.95871242090186;60.16940598270402;67.61686655043736;76.07477163547439;70.71294725966499;67.89898853907424;67.5285233981919;71.88032245836631;72.3
1997-03-01;77.54788670707882;76.16621554354508;69.81286655931622;69.58925765666105;76.52573603919967;61.184772526278124;66.97338392659435;82.234179152912;70.71594985347721;67.89898853907424;67.5285233981919;73.50977044012957;72.85
1997-04-01;77.46653195107605;76.21069143203198;71.81032994574326;70.0958878603033;76.77159574389995;62.58396106044138;67.23979211841338;82.82753335406595;70.81483866842912;67.89898853907424;72.52006784897819;75.20091506185703;73.28
1997-05-01;78.57728016627387;76.45580657279918;73.49740844852512;70.64932508211999;77.4520464265847;64.15068150978553;67.43422423342491;83.26481351276696;70.84711185205653;67.89898853907424;73.7334181547041;75.91468816702616;74.2
1997-06-01;79.86399501406515;76.71386003438055;74.44509581386879;71.4268203011148;78.07308673212925;64.65592903386958;67.7967214121931;83.31219830675117;70.8447670845768;67.89898853907424;74.94667712807731;77.07762826258667;75.15
1997-07-01;81.80466841845546;76.90934761397506;75.1083839802219;71.78253904761505;78.62351438152409;65.2731183376427;67.36150862767177;83.5380275949724;70.85202738870076;67.89898853907424;76.15147872558975;78.10769426883813;76.2
1997-08-01;83.1623971149703;77.57607853859176;75.84884192842418;72.51065321137338;79.10701559478515;66.02447359360548;67.93088902898853;83.76651284616855;71.21417490985887;67.89898853907424;79.0096211935872;79.83793778204148;77.15
1997-09-01;82.45991524501567;77.8888619514485;76.41505031524542;73.01570910145789;79.44718508430911;66.93449809960372;68.66012145625194;84.30735141577314;76.94851177561064;67.89898853907424;82.01639793238166;80.26639646779809;77.39
1997-10-01;81.47376412892143;78.06936105477227;76.91043273609806;73.57496936369397;80.19138662830869;67.38305913169106;67.51232275659983;84.55423524685003;76.98542269363051;67.89898853907424;83.7263039733105;80.50350067759655;77.19
1997-11-01;81.69224938472435;78.6779286748249;78.02053776162109;74.51918575586;81.03323310857498;68.97783658617267;67.44686022319836;84.77984722900969;77.38742319045517;67.89898853907424;83.91451559694765;80.63792830962963;77.78
1997-12-01;81.55108706002181;75.86725209484717;79.18345847727197;74.7175757831613;81.17613397542712;69.38772269741506;67.44595714458202;84.77984722900969;78.48768414265683;67.89898853907424;85.93473852826072;80.88529429893488;77.94
1998-01-01;82.66467817301685;75.90277498073918;79.44021757919302;74.97005689977522;81.43049911419017;70.66526426647404;67.45786782712031;85.12869589320518;78.67246069869655;67.89898853907424;86.17023595530658;81.48270285531075;78.59
1998-02-01;84.82663735164657;76.53877000103476;80.00258088336723;75.98226312264502;82.04906598206166;71.9967811405078;69.18730604253457;85.26669731486973;80.01615621881355;85.34206682998071;86.30966392495063;83.06162290966628;80.54
1998-03-01;86.8094056994664;79.2032726251808;81.39576728281929;76.284508722384;82.62997276665334;72.6033201239477;70.2644939495866;85.38706072786907;83.92654658961821;85.34206682998071;87.24011531257523;85.06761605761913;81.9
1998-04-01;89.47321318969085;81.95649355925775;81.40842068535802;76.95689806474938;83.41317483757494;73.05773019098476;70.69396116306854;85.66683020959894;83.92768737705562;85.34206682998071;87.26238822898895;86.36986274911897;83.32
1998-05-01;90.85909290124474;82.14417477769064;81.8663791564117;77.32294384514192;83.56134173302128;73.8177590851094;74.247795954862;86.0614580174347;85.76846823890969;85.34206682998071;87.12209564640594;87.28210303666377;84.32
1998-06-01;91.53361836720747;82.55030597393291;84.65961491440241;78.98481354805676;85.59817776261445;75.43310807617787;78.7757610286165;86.26875592762646;89.25883652194237;85.34206682998071;89.21252271283392;89.11306650355307;85.8
1998-07-01;92.76496263802318;83.45473993881993;87.16128045131458;80.4018026131899;88.53376529661624;76.66175106496452;78.8645542780825;87.04024073648405;96.80406419851471;85.34206682998071;91.72519751230156;90.84942341731364;87.49
1998-08-01;92.37418329437459;83.94102104269597;87.96254661306979;80.79541857964914;88.76518331683842;77.87050841507624;79.39899904757205;87.0939032611362;96.84163697861146;85.34206682998071;91.96104809111121;91.06719651710836;87.62
1998-09-01;91.77090305620855;84.3947000751045;88.68039045502161;81.68657078044387;89.1232094305955;79.53391886691826;79.42987438105338;87.81950027332273;98.09403338637783;85.34206682998071;92.91419861279552;93.19114974421967;87.88
1998-10-01;91.47011179956269;90.147699617107;89.85133792331993;82.61614952293004;90.18281417206381;81.18813180581527;80.19448331316931;88.67010863371469;98.19239106671922;85.34206682998071;92.91419861279552;94.51858902043337;88.38
1998-11-01;93.15300498069834;90.7845554398539;90.70060486458863;83.32815372982259;91.77009093633498;81.59168281272152;81.68289908999542;89.31457804957668;98.1909413660386;85.34206682998071;93.64805406680438;95.36036564853356;89.49
1998-12-01;94.10207530509771;91.12369517814773;91.28040225269359;83.94000641481351;91.79525616995038;81.91760313784792;81.68831756169342;89.34677556436799;98.20772285958579;85.34206682998071;93.64805406680438;95.83006459546672;90.14
1999-01-01;96.62253077664471;91.31259203363021;91.99254692911961;85.29241445296634;92.33623688320044;82.30431994167166;81.96170861336473;89.45905036285282;98.20772285958579;85.34206682998071;93.64805406680438;95.82374125670353;91.69
1999-02-01;96.54001860593874;91.3263911568957;92.8821929430525;86.38583300722145;92.59778297004651;83.43271381989778;82.00414619747725;90.29654792419592;98.32735218222771;98.89829034063435;96.1615995680345;96.25788506907722;92.47
1999-03-01;95.83016125101783;91.56125223487443;94.3744158925823;87.70235705850713;93.09371520232241;84.54688206741511;82.1955490881537;91.05624991549209;98.37192856245518;98.89829034063435;96.17118946506885;95.30220436795751;92.75
1999-04-01;95.86540450223048;91.6246526352683;94.69804748528743;88.5746958408859;93.08128418330759;84.87448743308107;82.661829199248;91.81744890410138;98.37525687659796;98.89829034063435;97.16170709665775;95.48700877189005;93.07
1999-05-01;96.10076027581076;97.24997600992508;95.36187761432817;89.94651281871481;93.82704957822303;86.5365962991217;83.02402772209582;93.44594052960868;98.3807735858974;98.89829034063435;97.50277863461056;96.69668950962298;93.8
1999-06-01;96.65817606798302;97.58716087242298;96.18411487965976;91.54678752048788;95.71284633313664;91.26285957320407;83.66133812358467;94.52051900413944;99.9899833846412;98.89829034063435;97.50277863461056;97.39410422978459;94.92
1999-07-01;97.55928995188674;97.85803766212464;96.46485155185596;92.49463408916654;96.70364163430719;92.51641631842945;83.492782410816;96.55513151362848;99.99086511815827;98.89829034063435;98.19714197930847;97.7770483124915;95.65
1999-08-01;97.96936277874116;97.96191220525841;98.44658090573033;93.14192812188085;96.85468090898675;93.52019280752326;87.94349515316995;96.9746167203976;99.99236835630853;98.89829034063435;98.66711999987335;97.78863690145987;96.44
1999-09-01;98.4100810927862;98.21140035389857;98.9287394370046;94.23196192663482;97.63569678015863;94.50353818007521;91.35593769923727;97.21080426422098;99.99236835630853;98.89829034063435;99.95809671657756;98.67984138076862;97.14
1999-10-01;99.1975334298305;98.80892538983326;99.16831546929234;95.70885533791842;98.24226348590028;95.88160969978463;92.81210574751941;97.90612329849353;99.99967305362057;98.89829034063435;99.99584742236354;98.80062302941504;98.03
1999-11-01;99.5065933056209;99.62905328257918;99.30842138135222;98.04232050143283;99.39445458465238;98.1150715264604;94.84216959019999;99.33157862712791;100;98.89829034063435;100;99.06592613903653;98.97
1999-12-01;100;100;100;100;100;100;100;100;100;100;100;100;100
2000-01-01;99.953024420809;100.34675882563974;100.78368375119416;101.20459606614561;100.74517496140639;100.97345656092408;100.02522220356016;100.47550188042179;100.1867782852479;100;101.81612556712824;100.89562997669013;100.5
2000-02-01;100.35880239967304;101.5022678383424;102.13705586015126;102.96980537170772;101.1924203656794;103.19765066463236;101.72709163318282;101.19053540350355;102.10806729202821;115.52326997515819;101.81612556712824;102.80397666629214;102.01
2000-03-01;101.42757144990554;101.58534841691731;102.66080289661372;104.01874134168106;101.82215759723563;105.46169165648396;102.84318302928975;106.21818880709596;102.11290211378503;115.52326997515819;103.33382571619482;103.07214333304277;102.98
2000-04-01;103.76547697182588;102.46467119281415;103.25418233735616;104.77745404102727;102.78030410022562;107.10225373189222;103.48656998232099;106.35106776129363;102.62704057592794;115.52326997515819;104.03019236769627;104.58431474788185;104.25
2000-05-01;104.40183355510258;105.86290426805687;104.19373400546596;104.88865007552153;104.12506933561231;109.50994415240974;107.28168912246782;106.57051453936909;103.75630716040428;115.52326997515819;105.06549396754681;105.81211011926504;105.29
2000-06-01;105.71319062637842;106.76620118618008;105.76824273949133;105.10636130114966;104.61218653755748;111.19015982388085;108.84007187491066;106.81725939196797;104.81695387466017;115.52326997515819;106.09180552456006;108.36335181104452;106.33
2000-07-01;106.45188762924806;107.51762800842002;106.46561757356801;105.68501755923344;105.79434178726139;112.9921837492152;109.40714918613415;107.06527886283254;105.52735333466578;115.52326997515819;106.55773774471439;108.74688325638678;107.03
2000-08-01;107.28460799085181;107.59412177577798;106.83191131830314;105.83095585333582;106.20051037391676;114.49775485930316;109.40252124289785;108.18322530002722;106.04108334520024;115.52326997515819;107.23292096194402;109.13278536102568;107.51
2000-09-01;106.78436720846086;107.69794200186006;107.04370055467885;106.39952229350945;106.53163603042297;114.8456729800779;111.2738558012988;108.49550677512009;106.37386929318905;115.52326997515819;107.35578488072056;110.03631576948315;107.74
2000-10-01;106.96561827864184;108.22984288617104;107.61264672433188;106.86635840465091;106.94717225557729;115.36159157566142;113.26315149063436;108.64474333039405;107.73983358476515;115.52326997515819;107.65111295461745;110.9607698230372;108.3
2000-11-01;107.63575024321138;108.71735097322383;108.2822004808236;107.36096751973061;107.5036303468462;123.35938442412254;117.87474266085073;109.04688539321772;108.50843739897562;115.52326997515819;107.72602997826169;111.2364878064531;109.46
2000-12-01;108.66016871485542;113.45356467246576;108.65763103701651;107.99173716722656;107.83658880218915;124.48371151887231;118.41446368538844;109.23521024197271;109.04718507052795;115.52326997515819;108.37878975531089;111.48994220690905;110.1
2001-01-01;110.04191652071748;117.37567338949451;109.231094281997;108.91667181523678;108.30049055220215;126.24566000137719;119.61495216088935;109.25486060690201;109.56693974228712;115.52326997515819;108.94371578050132;112.25545901544355;111.09
2001-02-01;110.57187558154324;118.51322612106716;109.5278866631711;109.21416541547399;108.76113399317205;129.7851652967521;122.07876629672204;109.62959837701344;111.64003588100117;136.01742665505063;110.81219801710157;112.87389187544181;112.54
2001-03-01;111.31473111484235;119.02399725290742;110.2742307002295;111.12041286930163;109.11038399373055;133.02368292413942;122.1762616342338;109.82546471717374;111.92268439405214;136.01742665505063;111.69518555784644;113.398219868577;113.5
2001-04-01;111.90290960168035;119.48783595377905;111.10650182931234;111.48302220161874;109.88443603578476;134.35418762607762;124.36517594182921;110.18257026794319;112.93319367337016;136.01742665505063;112.29741509412044;113.94666674325212;114.2
2001-05-01;113.38841781313566;119.90372637019792;112.75307844697112;112.43916247203148;110.81285046875635;135.97787583082084;126.91671531278588;110.44397323059745;114.35480949659826;136.01742665505063;113.96212302640832;114.17105479928816;115.56
2001-06-01;114.09699082728471;120.0464537847237;113.61029615115785;113.23490584329534;111.70053603868904;137.3172393148582;127.3240771607649;110.91738769811067;114.9499234901174;136.01742665505063;115.38699314920893;114.46079059419733;116.3
2001-07-01;115.20539132808928;120.30173776529541;115.28110071830024;114.12343393183598;113.16626599730124;139.29949727123346;123.46961750401016;111.29902965049457;115.82748177088328;136.01742665505063;116.10402656585362;114.77773743494645;116.93
2001-08-01;115.87420473422995;121.74303068863463;116.81208127189744;115.4960652425808;114.27134187370405;140.79357305693088;123.55960528916077;111.37508187368046;116.18834876695338;136.01742665505063;116.70635943595332;115.10323926359219;117.75
2001-09-01;116.1448134948583;121.93035407111543;117.99658161571857;117.46285160386931;114.71783203476792;141.21320512803203;126.45597785281466;107.58542933342089;116.57208905309699;136.01742665505063;116.90042036064833;115.78433998673694;118.63
2001-10-01;116.03577885554965;122.91532560936585;118.5206650145058;118.78451373135671;115.59350259010415;143.00605388619223;123.96717282350586;104.08320321207331;117.50203125264723;136.01742665505063;117.25909206970924;116.46801751346501;118.8
2001-11-01;117.2;123.1;118.9;119.7;116;144.1;122.2;103.1;117.3;136.01742665505063;118.1;116.8;119.4
2001-12-01;117.4;123.2;120.3;120.5;116.6;145.6;121.2;103.4;117.5;136.01742665505063;118.8;117.1;119.8
2002-01-01;116.7;123.2;121.1;121.6;117.3;146.2;122.7;103.6;118.4;136.01742665505063;119.5;117.7;120.2
2002-02-01;116.74039619441214;126.19145309581144;121.86504599046877;122.48154783612273;118.32162365860688;147.637931383745;123.56783274380312;101.46864249458665;119.58513445576844;158.17204676409577;121.51127899793066;118.54285975875916;121.46362760227778
2002-03-01;116.98645948274961;127.1484886632472;122.73386436538281;123.85521933428097;119.56395580345075;148.24760542321116;124.97441895809472;101.7418356761985;120.02054387038162;158.17204676409577;122.0341481560546;118.97308288503129;122.19663336767864
2002-04-01;117.3;127.7;123.4;125.6;120.1;148.6;128.8;102;120.4;158.17204676409577;122.2;119.9;123.1
2002-05-01;117.3;128.1;124.5;127.4;120.5;148.6;129.1;102.3;120.8;158.17204676409577;122.4;120.1;123.7
2002-06-01;119.09250157633547;128.3012791970824;125.22882985817921;130.68883456546405;120.9032226423272;149.24073817354025;129.22317937858378;102.6234466432974;121.24160995385827;158.17204676409577;123.0346262566388;120.56936116883013;125.09271669731733
2002-07-01;120.2;131.6;126.1;133.1;121.6;151.5;129.8;93.8;121.5;158.17204676409577;123.5;121.3;126.1
2002-08-01;120.4;133.7;127.7;134.8;122.6;151.8;130.4;94;121.8;158.17204676409577;124.6;121.5;126.9
2002-09-01;119.2;134.5;128.4;136.7;123.9;152.2;131;94.3;121.9;158.17204676409577;125.2;122;127.1
2002-10-01;119.1;135.1;129.1;138.6;124.6;153.3;132.4;93.2;122.6;158.17204676409577;126.4;122.7;127.8
2002-11-01;119.5;135.4;130.3;140.3;125.7;153.7;132.4;93.4;121.5;158.17204676409577;127.3;123.7;128.6
2002-12-01;120.1;135.7;131.3;141.3;126.6;154.9;135.5;93.5;121.8;158.17204676409577;128.7;124.3;129.5
2003-01-01;120.3;136.3;132;142;127.5;155.4;142.4;93.9;122.3;158.17204676409577;129;125.2;130.6
2003-02-01;120.8;136.6;132.5;144;128.6;156;145.6;94;123.4;180.9;129.6;125.5;132.3
2003-03-01;121;136.8;132.9;145.7;129.3;156.7;144.6;94.2;123.8;180.9;130.1;126.5;132.8
2003-04-01;121.5;138.3;133.5;147.5;129.9;157.5;144.4;94.5;124.1;180.9;130.5;126.9;133.5
2003-05-01;121.7;139.7;134.1;147.3;130.5;157.8;143.3;94.6;124.7;180.9;131.8;127.7;133.7
2003-06-01;122.5;141.1;134.8;146.5;131.6;159.8;142.8;94.7;124.8;180.9;132.7;127.8;134.1
2003-07-01;123.1;143.9;135.2;146.7;132.3;161;144;94.9;125.5;180.9;132.9;128.1;134.6
2003-08-01;123.5;145.2;135.9;149.7;133;162.6;145.1;95.2;126;180.9;134.2;128.3;135.8
2003-09-01;123.4;145.2;136.5;151.7;133.5;163.1;146.1;95.4;126.8;180.9;134.5;128.8;136.4
2003-10-01;124.1;145.9;137;152.8;134.1;163.2;146.2;94.2;127.3;180.9;135.6;129.1;137
2003-11-01;125.4;149.7;139.5;152.9;134.6;164.8;146;94.4;127.6;180.9;136.6;130.2;137.9
2003-12-01;126.1;151.5;140.7;153.2;135.2;165;146.3;94.5;127.8;180.9;136.8;130.4;138.3
2004-01-01;126.9;153.6;141.3;155.1;135.7;165.5;150.4;94.7;129;180.9;137.6;131.1;139.6
2004-02-01;127.2;153;141.6;157.3;136.6;166.3;152.2;94.9;129.6;203.4;139;132.2;141.2
2004-03-01;126.9;152.6;142.3;157.7;137.6;166.9;155;95.2;130.2;203.4;139.7;132.6;141.7
2004-04-01;127.6;154.3;142.8;159.6;138.3;168.4;161.9;95.4;130.5;203.4;139.9;133.7;143.2
2004-05-01;128.5;155.4;143.3;161.1;139;169.2;163.8;95.6;131.8;203.4;142.2;134.2;144.3
2004-06-01;129;155.5;143.9;162.8;139.9;170.1;164.7;95.9;132.2;203.4;143.4;134.8;145.2
2004-07-01;133.1;156.2;144.9;164.4;141.1;172.7;164.9;96.1;132.8;203.4;143.9;135.2;147.1
2004-08-01;133.1;156.7;145.2;165.7;141.9;173.2;166;96.4;133;203.4;144.2;135.8;147.6
2004-09-01;132.6;157.3;145.7;166.6;142.3;173.7;166.3;96.6;133.3;203.4;145.2;136;147.8
2004-10-01;133.9;157.4;146.5;167.9;143.6;174.9;170.2;96.9;134;203.4;145.6;136.5;149.1
2004-11-01;136.6;157.7;146.7;168.6;145;176;170.1;97.1;134.9;203.4;146.8;137.3;150.4
2004-12-01;137.8;161.9;147.7;169;145.9;176.4;167.9;97.2;135.2;203.4;147.5;137.8;151
2005-01-01;139;162.7;148.4;170.3;147.1;177.6;169.5;97.5;136.3;203.4;149.3;138.5;152.2
2005-02-01;140.9;163.1;149.1;170.9;147.7;178.2;171.7;97.7;136.3;226.9;150.4;139.7;154
2005-03-01;141.3;163.3;150;172.3;149.2;178.8;177.8;97.9;136.7;226.9;150.7;140.6;155.2
2005-04-01;141.9;163.5;150.8;172.9;149.8;180.6;186.8;98;137;226.9;151.8;141.1;156.6
2005-05-01;143;164.2;151.5;173.7;150.2;180.9;185.2;98;137.5;226.9;152.1;141.3;157.2
2005-06-01;144.3;165.4;152.1;175.2;150.7;184.1;187.1;98;137.8;226.9;152.9;141.9;158.3
2005-07-01;145.9;166.3;152.8;176.9;151.7;185;189.7;98;138.4;226.9;153.5;142.4;159.7
2005-08-01;148;166.4;153.3;177.7;152.3;186.4;192.8;98;138.6;226.9;154.7;142.9;161
2005-09-01;146.8;166.9;153.9;179.5;153.2;188.3;196.8;98.1;138.7;226.9;154.9;143.8;161.6
2005-10-01;146.2;167.9;154.5;180.7;154.2;188.8;195.3;98.1;138.9;226.9;155.1;144.9;161.7
2005-11-01;146.9;168.6;155.3;181.7;155.5;190.1;190;98.2;139.1;226.9;157;145.7;162
2005-12-01;147.1;173.6;156.5;182.4;157;190.4;190.8;98.2;139.5;226.9;157.9;146.6;162.7
2006-01-01;147.2;174.5;157.3;183.8;157.8;193;193.2;82;140.1;226.9;159.3;147.3;163.3
2006-02-01;147.5;174.6;157.7;184.4;159.1;194;193.4;82;140.9;250.9;160.3;147.7;164.4
2006-03-01;147.9;177.4;158.7;184.7;160.3;194.5;192.6;82;141.1;250.9;161.1;148.4;164.8
2006-04-01;148.7;177.9;159.3;185.7;161.1;194.8;195.8;82;141.3;250.9;161.5;149.3;165.7
2006-05-01;149.7;182.4;160.5;187.5;162.1;196.6;197.4;82.1;141.5;250.9;162.1;149.6;166.8
2006-06-01;150.4;183.4;160.8;187.2;162.5;197.1;197.8;82.1;141.7;250.9;164.4;149.9;167.3
2006-07-01;151.7;184.4;161.7;188;163.5;197.3;198.4;82.1;142.3;250.9;165;150.5;168.2
2006-08-01;151.8;184.9;162.1;188.9;164.5;198;199;82.2;143;250.9;166.2;151.6;168.8
2006-09-01;151;185.5;162.7;189.7;165.7;198.9;197.7;82.2;143.4;250.9;166.6;153.2;168.8
2006-10-01;151.1;185.7;164.5;190;166.3;199.2;194.2;82.2;143.9;250.9;168.1;153.5;169
2006-11-01;152.4;190.4;167;191;167.1;199.5;194.1;82.2;144.2;250.9;168.9;153.8;169.9
2006-12-01;155.3;191.1;167.9;191.6;167.9;200;195.4;82.2;144.5;250.9;169.8;154.1;171.3
2007-01-01;157.7;191.2;168.9;192.5;168.8;200.2;193.4;81.2;145.3;250.9;171.2;155.4;172.4
2007-02-01;159;198.7;169.3;193.4;170;201.6;192.8;79.4;146.4;269.1;174.1;156.3;173.9
2007-03-01;160.1;199.6;169.8;194.8;170.8;203.4;195.8;81.3;146.5;269.1;175.4;157;175.2
2007-04-01;161;200.6;170.3;195.7;171.6;204.6;199.8;81.4;146.8;269.1;176.1;158;176.2
2007-05-01;160.4;201.3;171.2;197.5;172.4;205.6;202.4;81.4;147.1;269.1;177.5;158.5;176.9
2007-06-01;161.2;201.9;172;198.3;172.9;206.5;203;81.4;147.3;269.1;178.7;159.2;177.6
2007-07-01;163.5;202;172.8;198.9;174.5;210.1;203.6;75.4;147.6;269.1;179.3;160.1;178.8
2007-08-01;165.1;202;173.6;200.2;175.5;210.7;203.4;75.4;147.9;269.1;182.1;160.8;180.1
2007-09-01;165.9;202;174.2;201.1;176.8;211.1;204.3;75.4;148.1;269.1;182.2;161.3;180.8
2007-10-01;169.9;202;174.9;203.7;178.5;211.9;205.3;75.5;148.7;269.1;183.2;162.9;183
2007-11-01;176.7;202;175.4;204.2;180.1;212.7;211.5;75.5;149.4;269.1;184.8;164;186.2
2007-12-01;176.6;202.7;176.7;205.1;180.8;212.9;208.4;75.5;149.7;269.1;187.7;165.6;186.5
2008-01-01;177.3;202.7;177.4;207.9;182.3;214.1;209.2;74.1;150.7;269.1;189.9;167;187.7
2008-02-01;179;203;178.2;209.3;184.4;216.9;210.6;74.1;151.7;287.1;191.8;168.3;189.7
2008-03-01;181.7;203.2;178.8;210.1;187.1;217.3;213.5;74.1;152.3;287.1;193.1;168.8;191.4
2008-04-01;185;203.3;179.6;210.7;188.9;217.9;216.5;74.2;153.1;287.1;195.6;170.7;193.3
2008-05-01;189.1;212.8;181.1;216;190.9;218.3;222.2;74.2;153.5;287.1;198.2;171.9;196.8
2008-06-01;193.2;214.8;181.8;217.2;192.6;218.6;227.1;74.2;153.7;287.1;200.4;174.3;199.2
2008-07-01;198.9;218.8;182.8;219.9;195.5;219;241.5;74.2;154.5;287.1;201.9;176.6;203.4
2008-08-01;200.5;219.9;183.2;221;197.7;221.8;248.8;74.2;155.1;287.1;203.8;178;205.3
2008-09-01;199.5;221.5;183.5;222.3;199.2;222.9;248.1;74.2;155.5;287.1;206.8;180.2;205.6
2008-10-01;201.7;222.3;184.8;224;202.6;224.2;242.8;74.2;155.7;287.1;208.5;182.4;206.9
2008-11-01;204.5;222.4;185.7;223.6;205.2;224.8;223.7;74.2;156.5;287.1;210.6;184.3;206.5
2008-12-01;206.4;222.8;186.2;223.7;206.2;225;215;72.6;156.6;287.1;211.9;185.6;206.7
2009-01-01;205.2;223;187.4;224.5;207.2;225.8;211.4;72.6;158.1;287.1;213.2;188.1;206.6
2009-02-01;204.4;223.8;189.3;226;209.2;227.2;215.3;72.8;158.9;308.2;216;189.4;208.2
2009-03-01;202.8;223.9;189.7;225;213;231.7;215.8;72.8;159.2;308.2;218.7;190.2;208.2
2009-04-01;201;228.8;191.1;226.7;214.4;236.8;218.2;72.8;159.5;308.2;221.7;190.6;208.9
2009-05-01;199.8;229.2;191.9;227.1;215.5;237.2;219.8;72.8;159.6;308.2;222.1;191.5;208.9
2009-06-01;199.7;229.3;192.5;229.5;216.5;238.3;224.3;72.8;160;308.2;222.9;192.3;210
2009-07-01;200.3;229.5;193.5;234;218.1;239.1;226.4;72.9;160.2;308.2;223.5;193.3;211.5
2009-08-01;199;230.6;194.7;235.2;219.7;239.7;226.8;72.9;160.6;308.2;223.5;194.9;211.7
2009-09-01;197.7;231.1;195.1;236.8;221.2;240.1;227.8;72.9;160.7;308.2;224.1;196;211.9
2009-10-01;197.3;231.4;195.7;238.7;221.9;241.2;226.9;72.9;161.2;308.2;225.5;197.2;212.4
2009-11-01;196.8;231.4;196.3;240.1;222.3;241.6;229.7;72.9;161;308.2;225.8;197.5;212.9
2009-12-01;195.7;232.1;196.5;240.6;222.8;241.8;230;72.9;161;308.2;226.5;198.2;212.8
2010-01-01;196.2;234;197.4;244;223.6;241.9;232.1;72.9;161.3;308.2;227.2;198.5;214
2010-02-01;197.4;234.2;197.8;245.4;224.7;242.9;233.1;72.9;161.4;330.1;227.9;199;215.5
2010-03-01;199;234.7;198.1;246.2;225.7;243.4;234.6;73;161.6;330.1;228.8;199.5;216.5
2010-04-01;200.1;235.2;198.7;247.6;226.5;243.7;237.2;73;161.8;330.1;229.6;200.4;217.6
2010-05-01;199.9;240.1;199.1;248.6;226.8;244;237.8;73.1;162.2;330.1;230.2;201.5;218
2010-06-01;202.4;241.9;199.2;249.4;227;244.6;235.6;73.1;162.9;330.1;232.3;201.6;218.9
2010-07-01;204;242.4;199.4;252;227.7;245.4;236.7;73.1;163.3;330.1;233.3;202.3;220.3
2010-08-01;204.2;243.7;199.9;255.9;228.1;246.1;237.7;63.6;163.5;330.1;235.1;202.6;221.3
2010-09-01;205.3;243.7;200.6;260.2;229.3;247.2;236.9;63.6;163.8;330.1;235.4;203.2;222.6
2010-10-01;209.6;243.8;201.6;261;230.3;250.1;238.9;63.6;164.2;330.1;236.2;203.8;224.7
2010-11-01;213.7;244.3;202;261.6;230.9;250.8;241.1;63.6;164.6;330.1;236.3;204.7;226.6
2010-12-01;211.9;244.4;202.8;262.6;231.6;252.7;243.1;63.6;164.9;330.1;237.1;205.3;226.6
2011-01-01;211.4;244.5;204;265.2;232.4;253;246.5;63.8;165.8;330.1;237.3;206.9;227.6
2011-02-01;211.2;244.6;204.6;266.5;234.3;253.5;248.7;63.8;166.5;355.2;241.3;207.7;229.2
2011-03-01;213.1;246.6;205.2;267.7;236;254.4;253.6;63.8;166.9;355.2;243.2;209.1;230.8
2011-04-01;214.3;250;206.3;271.3;236.4;255.7;268;63.8;167.3;355.2;244.1;209.5;233.4
2011-05-01;215;250;207.3;273;237.8;256.3;273.7;63.8;167.6;355.2;245.9;210.1;234.8
2011-06-01;216.6;250.7;208.1;274.4;239.4;258.1;270.8;63.8;167.7;355.2;248.1;210.6;235.8
2011-07-01;219.9;250.8;208.7;275.2;240.5;259;271.7;64;168.1;355.2;249.3;211.2;237.4
2011-08-01;220.1;250.9;209.2;277.9;241.7;259.4;273.8;64;168.6;355.2;249.9;211.5;238.3
2011-09-01;218.3;251.1;209.7;277.9;242.7;260;273.2;64;168.9;355.2;250.1;212;237.8
2011-10-01;217.5;251.9;210.4;279.2;243.4;260.4;271.8;64.3;169.3;355.2;251.6;212.8;238
2011-11-01;218.1;253;211.2;279.1;244.4;260.9;276.2;64.3;169.7;355.2;252.2;213.4;238.9
2011-12-01;218.4;253.5;212;280.6;245.1;261;274.9;64.4;169.8;355.2;252.5;213.8;239.3
2012-01-01;218.5;260.8;213.4;280.8;246.2;262.3;277;64.5;170.4;355.2;252.9;214.6;239.8
2012-02-01;219.2;262.7;214.2;282.9;247.3;264.7;281.5;64.6;171.6;381.6;255.8;215.7;242.1
2012-03-01;220;263.3;215.3;284.4;249;265.2;290.5;64.7;171.9;381.6;257.5;216.8;243.9
2012-04-01;221.2;264.2;216;288.1;250.8;270.2;302.5;64.7;172.7;381.6;258.8;217.6;246.6
2012-05-01;221.4;264.3;217;288;251.6;271.1;300;64.8;172.9;381.6;262.7;218.7;246.9
2012-06-01;221.3;265;218.3;287.2;252.9;274.2;296.8;64.9;173.5;381.6;264.6;218.8;246.9
2012-07-01;222.6;265.2;218.9;286.2;254.2;275.2;293.5;65;174;381.6;265.5;219.3;247.1
2012-08-01;223.7;265.3;220.4;288;255.1;276.4;298;65;174.4;381.6;266.3;219.8;248.6
2012-09-01;224.9;265.3;221.6;291.4;256.2;277;304.9;65.1;174.8;381.6;266.5;220.1;250.4
2012-10-01;225.8;265.3;223.3;293.2;256.6;277.8;306.8;65.2;175.1;381.6;267.4;220.7;251.5
2012-11-01;226.6;265.4;223.9;294;257.3;279.8;301.4;65.3;175.3;381.6;269.9;221.4;251.9
2012-12-01;226.7;265.4;224.8;294.8;258.3;280.7;299.9;65.5;175.8;381.6;270.3;222.6;252.2
2013-01-01;227.3;267.7;227.6;295.6;260.3;281.4;303.1;65.6;176.6;381.6;271.5;224.2;253.4
2013-02-01;230.2;269.2;228.2;297.8;261.5;282.6;307.8;65.7;178;403.1;272.6;224.7;256.1
2013-03-01;231.3;271.5;228.9;300;262.5;283.6;311.8;65.7;178.4;403.1;274.1;225.4;257.5
2013-04-01;232.3;275.4;229.5;299.9;263;284.2;310.3;65.8;179.2;403.1;276.1;226.7;258.1
2013-05-01;232.7;275.7;230.8;301.3;264.3;288.3;309;65.9;180.4;403.1;276.6;227;258.8
2013-06-01;234.1;276.7;232.1;301.8;265.8;289.4;310.7;66;180.9;403.1;277.9;227.4;259.9
2013-07-01;235.8;276.7;232.7;302.9;266.6;292.5;311;66;181.4;403.1;278;228.5;261
2013-08-01;236.1;277;233.2;305;267.3;293.9;314.1;66;181.9;403.1;278.6;229.3;262
2013-09-01;236.5;277.8;233.8;306.8;268.6;294.9;313.9;66.1;182.7;403.1;280.4;229.8;262.8
2013-10-01;236;278.2;235.1;309.1;269.7;296.1;310.8;66.1;183.2;403.1;280.7;230.3;263.1
2013-11-01;237;278.4;235.6;310.1;271.4;296.5;309.1;66.1;183.9;403.1;281.2;230.9;263.8
2013-12-01;237.9;279;236.6;311.3;271.9;296.8;310.7;66.1;184.4;403.1;281.3;231.3;264.6
2014-01-01;241.5;286.7;244.2;313.4;275.8;299.2;317.5;66.4;188.8;403.1;286.5;236;268.6
2014-02-01;242.4;289.3;246.4;313.9;277.5;300.8;320.1;68.5;189.9;438.3;288;238.2;270.8
2014-03-01;243.4;293.6;247.5;316.1;280.5;302.3;322.8;68.6;190.6;438.3;290.8;239.9;272.4
2014-04-01;244.6;295;248.5;317.2;281.4;303.7;323.2;68.6;191;438.3;292.8;241.4;273.5
2014-05-01;247.6;298;249.4;317.4;282.3;304.5;324.5;68.7;191.6;438.3;293.3;242.9;274.9
2014-06-01;249.5;300;250.5;318.2;283.3;306.4;325.9;69.1;192.1;438.3;293.7;244.4;276.1
2014-07-01;253.5;302.3;251.4;319.3;284.6;307.6;328.4;69.2;192.9;438.3;293.9;245.9;278.2
2014-08-01;253.1;306.8;253.3;320.1;286.1;312.1;326;69.3;193.6;438.3;294.3;248.3;278.6
2014-09-01;252.7;310.2;254.1;320.5;287.4;312.3;325.7;69.4;194.7;438.3;295.3;248.9;278.9
2014-10-01;254.2;312.3;254.7;321;288.3;312.5;325.7;69.5;194.9;438.3;296.5;249.5;279.7
2014-11-01;258.2;316.3;255.2;320.5;289.3;313.9;320.5;69.6;195.6;438.3;296.9;250;280.7
2014-12-01;255.1;317.5;255.8;322.9;290.1;314.1;315.2;69.8;196.1;438.3;298.7;250.4;280
2015-01-01;253.8;320.5;258.3;321.6;290.9;315.7;306.2;69.9;196.5;438.3;299.1;251.1;278.9
2015-02-01;255.1;323.8;259.8;320.7;292.3;319;307.4;70.1;198.1;474.7;299.6;252.4;280.7
2015-03-01;256.5;326.5;260.9;323.7;294.3;320.1;312.8;70.2;199;474.7;300.1;253;282.6
2015-04-01;256.2;328.1;262.2;324.4;296.1;323.6;313.9;70.3;199.6;474.7;301.3;254.5;283.3
2015-05-01;256.9;328.5;262.6;325.9;297.5;325.1;318;70.4;200.2;474.7;303;255.5;284.5
2015-06-01;258.2;329.3;263.8;328.2;298.3;326;321.7;70.4;200.5;474.7;305.4;256.3;286.1
2015-07-01;260;330.8;264.3;328.1;299.1;326.6;323.3;70.4;201;474.7;305.9;257.9;287.1
2015-08-01;260.1;335.6;265.5;328;299.7;328.1;320.3;70.5;201.5;474.7;306.9;258.7;287.2
2015-09-01;260.1;337;266.4;326;300.5;328.4;314.8;70.4;201.8;474.7;307.8;259.2;286.6
2015-10-01;260.5;337.2;267.2;326.1;301.1;329.4;312.8;70.5;202.1;474.7;308.5;260.1;286.8
2015-11-01;258.3;339.1;268.3;326.3;301.9;330.6;312.4;70.6;202.3;474.7;311.5;260.6;286.6
2015-12-01;257.5;339.1;269.1;326.6;302.5;332.1;311.7;70.7;202.4;474.7;313.1;260.8;286.6
2016-01-01;259.7;345.6;270.3;325.2;303.4;334.4;311.5;70.9;202.7;474.7;314.4;262;287.5
2016-02-01;260.3;347.6;272.1;325.4;304.8;336.5;310.9;71;204.2;505.5;315;262.8;288.9
2016-03-01;260.4;348.8;272.6;325.9;305.5;337.6;312.7;71;205.1;505.5;317.6;263.6;289.6
2016-04-01;259.1;350.8;273.4;326.9;306.5;340;316.8;71.2;206.4;505.5;318.3;265.3;290.2
2016-05-01;260.2;351.6;274.3;327.8;307.5;340.5;319.7;71.3;206.9;505.5;318.6;266.2;291.2
2016-06-01;261.3;353.6;274.7;333;308;342.7;323.2;71.5;207.1;505.5;319.5;267.1;293.1
2016-07-01;261.8;354.6;276.1;334.8;308.8;343.1;323.5;71.6;207.5;505.5;319.8;268.7;294
2016-08-01;261.8;354.8;276.3;335.3;309.4;343.7;322.1;71.6;208;505.5;324.7;269.6;294.4
2016-09-01;261;355.1;276.5;336.5;309.9;343.8;325.9;71.7;208.2;505.5;324.8;270.1;294.9
2016-10-01;259.4;355.4;276.9;337.4;310.4;344.4;328.7;71.8;208.6;505.5;324.9;270.7;294.9
2016-11-01;259.1;355.9;278.5;338.5;310.8;345.1;329.8;71.9;208.8;505.5;325.1;271.4;295.3
2016-12-01;259;357.4;279.4;340.9;311.7;345.6;330.9;72.1;209.3;505.5;326.3;271.8;296.1
2017-01-01;258.5;364.7;282.8;342.3;313.3;346.7;337.1;72.2;210.4;505.5;327.2;273.6;297.4
2017-02-01;261.4;367.8;283.6;343.3;315.6;348.9;337.4;72.2;211.9;536.8;331.4;275.5;300
2017-03-01;262.4;370.3;283.9;345.2;316.4;350.6;335.8;72.2;212.4;536.8;334.7;276.8;301
2017-04-01;263.1;371.3;284.2;348.3;317.4;351;335.4;72.2;212.5;536.8;336.3;278.8;302.1
2017-05-01;263.1;371.6;284.7;350.1;319.3;352.4;336.7;73;212.8;536.8;337.7;280.8;303
2017-06-01;264.3;372.4;285.2;350.9;320.2;353.6;336.4;73.7;213.1;536.8;338;282.8;303.8
2017-07-01;265.4;375.3;286.1;351.9;320.9;354.9;335.2;74.3;213.9;536.8;338.6;285.7;304.7
2017-08-01;265.7;377;286.4;353.8;321.8;355.9;337.9;74.2;215;536.8;339.8;286.7;305.7
2017-09-01;264;378.5;287.2;354.3;322.9;356.8;340.7;74.2;215.4;536.8;340.3;287.5;305.7
2017-10-01;264.8;378.5;288.1;355.4;323.4;358.2;342.1;74.3;216;536.8;340.5;288.8;306.6
2017-11-01;267.6;379;289.1;355.9;324.4;359;343.7;74.4;217.2;536.8;340.5;290.2;308.1
2017-12-01;272.2;381.2;289.8;356.9;325.2;359.6;343.9;74.4;217.5;536.8;340.8;291.1;310.1
2018-01-01;272.2;382.7;291.4;358.2;326.5;362.2;345;74.5;218.5;536.8;342.1;292.8;311
2018-02-01;273;386.5;292.5;359.1;327.9;364.1;346.2;74.6;221.5;575.4;343.9;293.4;313
2018-03-01;273.4;387.2;293.6;360.9;329.5;367.3;347.6;74.7;222.5;575.4;344.8;295.8;314.1
2018-04-01;273.5;388.7;293.8;361.5;331.3;369.5;349.6;74.7;223.5;575.4;345.2;296.5;314.8
2018-05-01;272.0301;389.7737;294.5962;362.7954;332.5824;370.8961;352.4317;74.8678;223.7094;575.4259;345.2707;297.2976;315.074
2018-06-01;273;390.1;295.3;364.8;333.8;372.2;355;75;223.9;575.4;346.8;298.4;316.4
2018-07-01;274;390.7;296.2;366.4;335.4;373.5;354.8;75.1;224.7;575.4;349;300.6;317.6
2018-08-01;273.8;391;298.6;367.1;337;374.6;362.9;75.5;225.5;575.4;350.1;302;319
2018-09-01;273;392.8;299.3;368.1;338.3;375.9;360.8;75.6;226;575.4;351.7;303.8;319.1
2018-10-01;273.9;396;301.2;372.9;338.6;378.1;362.9;75.7;227;575.4;352.6;304.6;320.9
2018-11-01;276.3;399.4;303.3;374.7;340.4;379.8;363.3;75.8;227.7;575.4;354.3;305.2;322.6
2018-12-01;276.2;399.9;305.3;376;341.1;380.8;363.6;76;228;575.4;354.8;305.8;323.2
2019-01-01;275.3;403.5;306.2;378.6;341.6;382;358.5;76;228.7;575.4;355.2;307.2;323.3
2019-02-01;276.5;406.5;307;380.1;343.7;386.3;362.3;76.1;230.6;612;355.7;308.9;325.8
2019-03-01;276.8;408.2;309;382.1;346.2;387.5;364.1;76.1;231.9;612;357.8;309.9;327.1
2019-04-01;278.1;408.7;310.2;389.1;348.9;387.9;372.1;76.2;232.4;612;358.1;313.4;330.1
2019-05-01;278.8;409.6;311.8;391.3;349.8;388.8;375.5;76.2;233;612;358.5;314.5;331.3
2019-06-01;280.5;410.7;312.2;391.9;350.6;390.3;368.5;76.3;233.6;612;358.7;315.4;331.6
2019-07-01;281.6;410.7;312.9;392.8;351.1;392.5;369;76.3;234.1;612;359.2;317.6;332.5
2019-08-01;280.1;410.9;313.3;393.9;351.5;395.9;370.1;76.3;234.3;612;360.6;318.7;332.7
2019-09-01;280;412.8;313.6;395.4;352.4;398.9;369;76.4;234.6;612;362;319.4;333.2
2019-10-01;280.9;413.2;314;394.8;352.9;402.2;371.6;76.7;235.2;612;362.7;320.2;334
2019-11-01;282.4;415.8;315.2;395;353.7;402.8;373.2;76.8;235.6;612;364.4;320.8;335
2019-12-01;284.5;418.2;316.1;395.4;354.7;406.4;375.5;76.8;236;612;365.2;321.2;336.4
2020-01-01;284.8;426.1;317.2;396.4;355.9;410.6;374.8;76.9;238.4;612;366.4;322.1;337.2
2020-02-01;284.8;431.1;317.6;396.5;356.6;411;370.7;76.9;239.7;669.6;367.3;322.5;338.8
2020-03-01;288;433.5;317.7;396.2;357.9;413.7;367.7;76.9;240.2;669.6;368.1;323.1;339.8
2020-04-01;296.1;433.5;317.7;394.7;359.5;418.1;352.3;77;240.6;669.6;368.3;323.7;341.1
2020-05-01;293.8;435.3;317.7;386.4;360.5;419.9;350.8;77;240.6;669.6;368.3;324;338.9
2020-06-01;295.5;435.3;318;387.3;361.6;423.9;356.6;77;240.9;669.6;368.6;324.6;340.4
2020-07-01;300.7;438.8;318;386.6;363.5;425.2;363.3;76.9;241.2;669.6;368.7;325.4;342.8
2020-08-01;297.4;439.8;319.2;387.7;365;432.8;372.5;76.8;242.1;669.6;369.7;326.5;343.4
2020-09-01;292.9;440.1;319.7;389.3;369.2;434.5;387.7;76.8;242.9;669.6;371.6;327.7;344.5
2020-10-01;290.2185;440.3065;322.3413;391.6234;377.1342;444.9115;393.2744;76.7522;244.7188;669.6;374.0767;328.8341;346.2389
2020-11-01;292.6;440.3;323;393.1;379;449.8;392.6;76.6;246.2;669.6;374.6;329.7;347.8
2020-12-01;295.9;440.6;325.5;393.7;380.6;450.9;399.7;76.5;246.9;669.6;375.9;330.1;349.9
2021-01-01;295.3;440.9;327.1;398.1;383.2;451.7;402;76.5;248.5;669.6;377.3;332.6;351.3
2021-02-01;296.4;443.6;327.5;399.5;385.1;458.6;389.9;76.5;249.8;684.7;377.7;333.9;351.9
2021-03-01;297.5;446.1;328.5;400.9;387.5;462;392.8;76.4;250.8;684.7;378.4;334.2;353.2
2021-04-01;298.1;447.2;329.7;401.8;389.5;463;398.5;76.4;252.1;684.7;379.3;334.8;354.6
2021-05-01;298.1;447.4;330.1;402.9;390.8;464.3;401.7;76.5;252.9;684.7;379.9;335.1;355.3
2021-06-01;298.4;447.4;330.3;403.9;392.9;465.3;403.5;76.5;253.8;684.7;383.9;335.5;356.3
2021-07-01;299.3;447.6;333.6;404.7;394.9;466;402.2;76.4;255.8;684.7;385.7;336.7;357.4
2021-08-01;300.4;447.9;338.4;405.7;399.3;466.4;401.2;76.4;260.6;684.7;386.6;337.4;358.8
2021-09-01;301.9;449;341.6;407.1;401.8;467.9;402.1;76.7;262.9;684.7;387.9;338.6;360.4
2021-10-01;304.1;450;343.1;408.7;405.2;468.9;406.2;76.8;265.8;684.7;388;339.6;362.3
2021-11-01;309.3;452;345;410.4;408.9;469.5;406.5;76.9;267.1;684.7;390.1;340.7;365
2021-12-01;315.9;452.8;346.4;411;411.8;471.9;411.4;77.1;268.1;684.7;392.8;343.1;368.5
2022-01-01;317.5;457.2;349.2;430.3;414.9;473.4;404.8;77.3;269.2;684.7;397.3;346.8;373
2022-02-01;320.3;459.1;350;413.1;424.7;477;409.2;77.4;272.6;744.2;402.2;348.9;374.3
2022-03-01;324.4;471.8;353.2;415.7;430;480.7;413.5;77.3;277.6;744.2;404.5;350.9;377.8
2022-04-01;329.2;473.5;354.8;420.3;434.5;481.4;445.9;77.3;278.9;744.2;409.6;353.3;384.2
2022-05-01;335.5;474.6;356.3;422.7;437.8;482.9;449.8;77.3;280.4;744.2;411.7;355.4;387.6
2022-06-01;342.3;477.1;358.7;423.3;440.7;483.9;466.6;77.3;281;744.2;420.1;358.1;392.7
2022-07-01;348.7;478.4;360.3;425;442.8;485.1;469.4;77.3;283.9;744.2;423.5;363.8;396.2
2022-08-01;351.2;483.1;361.5;424.4;444.6;486.4;452.7;77.3;284.7;744.2;425;366.7;396.1
2022-09-01;350.9;484.7;364.1;426;447;487.5;445.9;77.4;288.1;744.2;427.5;368.1;396.6
2022-10-01;355.5;486.7;365.2;427.4;448.6;489.8;448.6;77.5;289.8;744.2;429.2;371.9;399.2
2022-11-01;362.7;487.6;366.3;429;450.3;492.8;455.3;77.5;290.4;744.2;432.6;374.1;403.1
2022-12-01;365.7;488.4;367.6;428.9;451.6;495.2;451.7;77.5;291.9;744.2;437.8;376.2;404.6
2023-01-01;368.8;490.5;370.1;427.6;454.3;502.6;447.7;77.5;293.2;744.2;443.7;378.2;406.3
2023-02-01;374.4;496.3;371.2;429.5;457;503.6;451.4;77.5;296;804.1;446.4;380.7;411
2023-03-01;375.5;502.7;372.9;430.4;458.7;506.7;448.3;77.5;297.3;804.1;447.8;383.1;412
2023-04-01;375.5;507.3;374.1;429.8;459.7;509;451.7;77.5;298.3;804.1;448.9;388;412.8
2023-05-01;374.7;507.5;374.9;430.8;460.4;511.5;450.3;77.5;299.6;804.1;449.7;389.9;413.1
2023-06-01;376.9;511.5;376.4;433.1;462.1;512.7;448;77.5;299.9;804.1;451.8;392.1;414.7
2023-07-01;379.6;512.3;378.5;433.2;463.8;515.7;450;77.5;302.7;804.1;454.8;393.8;416.6
2023-08-01;380.2;513.1;379.4;435.1;464.9;522.7;459.6;77.5;303;804.1;457.9;394.9;418.7
2023-09-01;382.4;514.6;380.7;437.9;466.7;524.3;464;77.5;304.9;804.1;461.6;395.3;420.9
